,timestamp,station,district,freeway,direction,laneType,length,numSamples,percentObs,flow,occupancy,speed
656,04/05/2018 00:00:00,401211,4,80,W,ML,0.355,60,100,110.0,0.0135,69.3
910,04/05/2018 00:00:00,401698,4,80,W,ML,0.62,50,0,389.0,0.0414,59.7
2406,04/05/2018 00:00:00,405602,4,80,W,ML,0.385,50,100,109.0,0.0184,71.5
4507,04/05/2018 00:05:00,401211,4,80,W,ML,0.355,59,100,121.0,0.0157,68.3
4761,04/05/2018 00:05:00,401698,4,80,W,ML,0.62,50,0,367.0,0.0491,57.3
6257,04/05/2018 00:05:00,405602,4,80,W,ML,0.385,49,100,127.0,0.021,70.4
8358,04/05/2018 00:10:00,401211,4,80,W,ML,0.355,60,100,115.0,0.0141,67.9
8612,04/05/2018 00:10:00,401698,4,80,W,ML,0.62,50,0,381.0,0.0456,58.7
10108,04/05/2018 00:10:00,405602,4,80,W,ML,0.385,49,100,102.0,0.0164,70.7
12209,04/05/2018 00:15:00,401211,4,80,W,ML,0.355,60,100,114.0,0.015,68.7
12463,04/05/2018 00:15:00,401698,4,80,W,ML,0.62,50,0,454.0,0.0479,57.1
13959,04/05/2018 00:15:00,405602,4,80,W,ML,0.385,50,100,117.0,0.0182,70.5
16060,04/05/2018 00:20:00,401211,4,80,W,ML,0.355,60,100,123.0,0.0156,68.3
16314,04/05/2018 00:20:00,401698,4,80,W,ML,0.62,50,0,469.0,0.0502,58.1
17810,04/05/2018 00:20:00,405602,4,80,W,ML,0.385,50,100,116.0,0.0221,68.0
19911,04/05/2018 00:25:00,401211,4,80,W,ML,0.355,60,100,117.0,0.0154,66.9
20165,04/05/2018 00:25:00,401698,4,80,W,ML,0.62,50,0,448.0,0.0415,57.2
21661,04/05/2018 00:25:00,405602,4,80,W,ML,0.385,50,100,119.0,0.0209,67.5
23762,04/05/2018 00:30:00,401211,4,80,W,ML,0.355,60,100,117.0,0.0134,69.1
24016,04/05/2018 00:30:00,401698,4,80,W,ML,0.62,50,0,431.0,0.0459,59.1
25512,04/05/2018 00:30:00,405602,4,80,W,ML,0.385,50,100,115.0,0.0164,70.9
27613,04/05/2018 00:35:00,401211,4,80,W,ML,0.355,60,100,109.0,0.0153,68.4
27867,04/05/2018 00:35:00,401698,4,80,W,ML,0.62,50,0,373.0,0.0477,58.3
29363,04/05/2018 00:35:00,405602,4,80,W,ML,0.385,50,100,102.0,0.0196,69.4
31464,04/05/2018 00:40:00,401211,4,80,W,ML,0.355,60,100,107.0,0.0144,67.4
31718,04/05/2018 00:40:00,401698,4,80,W,ML,0.62,50,0,375.0,0.0472,56.5
33214,04/05/2018 00:40:00,405602,4,80,W,ML,0.385,50,100,94.0,0.0163,69.5
35315,04/05/2018 00:45:00,401211,4,80,W,ML,0.355,60,100,91.0,0.0131,66.3
35569,04/05/2018 00:45:00,401698,4,80,W,ML,0.62,50,0,338.0,0.0436,55.6
37065,04/05/2018 00:45:00,405602,4,80,W,ML,0.385,50,100,90.0,0.018000000000000002,66.9
39166,04/05/2018 00:50:00,401211,4,80,W,ML,0.355,60,100,67.0,0.0082,66.8
39420,04/05/2018 00:50:00,401698,4,80,W,ML,0.62,50,0,301.0,0.033,56.6
40916,04/05/2018 00:50:00,405602,4,80,W,ML,0.385,50,100,70.0,0.0125,67.3
43017,04/05/2018 00:55:00,401211,4,80,W,ML,0.355,60,100,103.0,0.0135,67.3
43271,04/05/2018 00:55:00,401698,4,80,W,ML,0.62,50,0,379.0,0.0421,58.2
44767,04/05/2018 00:55:00,405602,4,80,W,ML,0.385,50,100,101.0,0.0171,69.1
46868,04/05/2018 01:00:00,401211,4,80,W,ML,0.355,60,100,91.0,0.0113,69.0
47122,04/05/2018 01:00:00,401698,4,80,W,ML,0.62,50,0,355.0,0.0418,58.3
48618,04/05/2018 01:00:00,405602,4,80,W,ML,0.385,50,100,89.0,0.0155,69.3
50719,04/05/2018 01:05:00,401211,4,80,W,ML,0.355,60,100,69.0,0.0073,69.1
50973,04/05/2018 01:05:00,401698,4,80,W,ML,0.62,50,0,232.0,0.0303,58.7
52469,04/05/2018 01:05:00,405602,4,80,W,ML,0.385,50,100,70.0,0.0095,71.6
54570,04/05/2018 01:10:00,401211,4,80,W,ML,0.355,60,100,79.0,0.0105,68.8
54824,04/05/2018 01:10:00,401698,4,80,W,ML,0.62,50,0,303.0,0.0381,57.5
56320,04/05/2018 01:10:00,405602,4,80,W,ML,0.385,50,100,77.0,0.0135,70.7
58421,04/05/2018 01:15:00,401211,4,80,W,ML,0.355,60,100,87.0,0.0112,69.7
58675,04/05/2018 01:15:00,401698,4,80,W,ML,0.62,50,0,367.0,0.0355,57.9
60171,04/05/2018 01:15:00,405602,4,80,W,ML,0.385,50,100,80.0,0.0139,71.0
62272,04/05/2018 01:20:00,401211,4,80,W,ML,0.355,59,100,73.0,0.0095,68.4
62526,04/05/2018 01:20:00,401698,4,80,W,ML,0.62,50,0,277.0,0.0349,58.2
64022,04/05/2018 01:20:00,405602,4,80,W,ML,0.385,50,100,78.0,0.0126,71.8
66123,04/05/2018 01:25:00,401211,4,80,W,ML,0.355,60,100,63.0,0.0099,65.9
66377,04/05/2018 01:25:00,401698,4,80,W,ML,0.62,50,0,268.0,0.0344,55.9
67873,04/05/2018 01:25:00,405602,4,80,W,ML,0.385,50,100,61.0,0.0124,70.0
69974,04/05/2018 01:30:00,401211,4,80,W,ML,0.355,60,100,82.0,0.0118,66.8
70228,04/05/2018 01:30:00,401698,4,80,W,ML,0.62,50,0,328.0,0.0456,56.5
71724,04/05/2018 01:30:00,405602,4,80,W,ML,0.385,50,100,78.0,0.0137,70.8
73825,04/05/2018 01:35:00,401211,4,80,W,ML,0.355,59,100,85.0,0.0101,68.0
74079,04/05/2018 01:35:00,401698,4,80,W,ML,0.62,50,0,343.0,0.0359,58.8
75575,04/05/2018 01:35:00,405602,4,80,W,ML,0.385,50,100,83.0,0.0128,72.3
77676,04/05/2018 01:40:00,401211,4,80,W,ML,0.355,60,100,75.0,0.0109,67.2
77930,04/05/2018 01:40:00,401698,4,80,W,ML,0.62,50,0,312.0,0.0349,57.0
79426,04/05/2018 01:40:00,405602,4,80,W,ML,0.385,50,100,72.0,0.0145,69.4
81527,04/05/2018 01:45:00,401211,4,80,W,ML,0.355,60,100,86.0,0.0105,68.4
81781,04/05/2018 01:45:00,401698,4,80,W,ML,0.62,50,0,326.0,0.0347,59.1
83277,04/05/2018 01:45:00,405602,4,80,W,ML,0.385,50,100,82.0,0.0131,71.2
85378,04/05/2018 01:50:00,401211,4,80,W,ML,0.355,60,100,81.0,0.0122,66.2
85632,04/05/2018 01:50:00,401698,4,80,W,ML,0.62,50,0,355.0,0.0433,55.9
87128,04/05/2018 01:50:00,405602,4,80,W,ML,0.385,49,100,83.0,0.0164,68.1
89229,04/05/2018 01:55:00,401211,4,80,W,ML,0.355,60,100,79.0,0.0096,68.4
89483,04/05/2018 01:55:00,401698,4,80,W,ML,0.62,50,0,308.0,0.0331,58.7
90979,04/05/2018 01:55:00,405602,4,80,W,ML,0.385,50,100,78.0,0.0125,70.4
93080,04/05/2018 02:00:00,401211,4,80,W,ML,0.355,60,100,96.0,0.0154,65.0
93334,04/05/2018 02:00:00,401698,4,80,W,ML,0.62,50,0,376.0,0.0521,55.0
94830,04/05/2018 02:00:00,405602,4,80,W,ML,0.385,50,100,98.0,0.019,69.0
96931,04/05/2018 02:05:00,401211,4,80,W,ML,0.355,60,100,78.0,0.0101,67.2
97185,04/05/2018 02:05:00,401698,4,80,W,ML,0.62,50,0,320.0,0.0387,57.4
98681,04/05/2018 02:05:00,405602,4,80,W,ML,0.385,50,100,76.0,0.0127,70.3
100782,04/05/2018 02:10:00,401211,4,80,W,ML,0.355,60,100,79.0,0.0111,65.9
101036,04/05/2018 02:10:00,401698,4,80,W,ML,0.62,50,0,367.0,0.0461,56.4
102532,04/05/2018 02:10:00,405602,4,80,W,ML,0.385,50,100,80.0,0.0134,71.1
104633,04/05/2018 02:15:00,401211,4,80,W,ML,0.355,60,100,78.0,0.0112,67.9
104887,04/05/2018 02:15:00,401698,4,80,W,ML,0.62,50,0,324.0,0.0418,58.0
106383,04/05/2018 02:15:00,405602,4,80,W,ML,0.385,50,100,75.0,0.015,70.4
108484,04/05/2018 02:20:00,401211,4,80,W,ML,0.355,60,100,83.0,0.0117,67.1
108738,04/05/2018 02:20:00,401698,4,80,W,ML,0.62,50,0,351.0,0.0393,56.8
110234,04/05/2018 02:20:00,405602,4,80,W,ML,0.385,50,100,69.0,0.0145,67.7
112335,04/05/2018 02:25:00,401211,4,80,W,ML,0.355,60,100,84.0,0.0116,66.5
112589,04/05/2018 02:25:00,401698,4,80,W,ML,0.62,50,0,330.0,0.0397,56.1
114085,04/05/2018 02:25:00,405602,4,80,W,ML,0.385,50,100,72.0,0.0134,68.3
116186,04/05/2018 02:30:00,401211,4,80,W,ML,0.355,59,100,101.0,0.0144,66.3
116440,04/05/2018 02:30:00,401698,4,80,W,ML,0.62,50,0,378.0,0.05,58.1
117936,04/05/2018 02:30:00,405602,4,80,W,ML,0.385,50,100,99.0,0.019,67.9
120037,04/05/2018 02:35:00,401211,4,80,W,ML,0.355,60,100,98.0,0.0126,68.6
120291,04/05/2018 02:35:00,401698,4,80,W,ML,0.62,50,0,359.0,0.0391,58.5
121787,04/05/2018 02:35:00,405602,4,80,W,ML,0.385,50,100,106.0,0.0175,70.3
123888,04/05/2018 02:40:00,401211,4,80,W,ML,0.355,60,100,90.0,0.0128,65.9
124142,04/05/2018 02:40:00,401698,4,80,W,ML,0.62,50,0,333.0,0.0391,57.3
125638,04/05/2018 02:40:00,405602,4,80,W,ML,0.385,50,100,88.0,0.0161,69.1
127739,04/05/2018 02:45:00,401211,4,80,W,ML,0.355,60,100,83.0,0.0091,69.1
127993,04/05/2018 02:45:00,401698,4,80,W,ML,0.62,50,0,295.0,0.0311,58.7
129489,04/05/2018 02:45:00,405602,4,80,W,ML,0.385,50,100,86.0,0.0121,72.3
131590,04/05/2018 02:50:00,401211,4,80,W,ML,0.355,59,100,70.0,0.0088,69.3
131844,04/05/2018 02:50:00,401698,4,80,W,ML,0.62,50,0,277.0,0.0321,58.3
133340,04/05/2018 02:50:00,405602,4,80,W,ML,0.385,50,100,84.0,0.0143,72.1
135441,04/05/2018 02:55:00,401211,4,80,W,ML,0.355,60,100,106.0,0.0139,68.2
135695,04/05/2018 02:55:00,401698,4,80,W,ML,0.62,50,0,413.0,0.0537,58.0
137191,04/05/2018 02:55:00,405602,4,80,W,ML,0.385,50,100,97.0,0.0168,70.9
139292,04/05/2018 03:00:00,401211,4,80,W,ML,0.355,59,100,101.0,0.0151,66.6
139546,04/05/2018 03:00:00,401698,4,80,W,ML,0.62,50,0,397.0,0.0497,56.4
141042,04/05/2018 03:00:00,405602,4,80,W,ML,0.385,50,100,103.0,0.0206,69.2
143143,04/05/2018 03:05:00,401211,4,80,W,ML,0.355,60,100,108.0,0.0149,67.5
143397,04/05/2018 03:05:00,401698,4,80,W,ML,0.62,50,0,368.0,0.0494,56.2
144893,04/05/2018 03:05:00,405602,4,80,W,ML,0.385,50,100,109.0,0.0182,70.2
146994,04/05/2018 03:10:00,401211,4,80,W,ML,0.355,60,100,67.0,0.008,68.3
147248,04/05/2018 03:10:00,401698,4,80,W,ML,0.62,50,0,270.0,0.0297,57.1
148744,04/05/2018 03:10:00,405602,4,80,W,ML,0.385,50,100,75.0,0.0129,72.3
150845,04/05/2018 03:15:00,401211,4,80,W,ML,0.355,60,100,113.0,0.0132,69.7
151099,04/05/2018 03:15:00,401698,4,80,W,ML,0.62,50,0,388.0,0.0421,58.4
152595,04/05/2018 03:15:00,405602,4,80,W,ML,0.385,49,100,115.0,0.0173,72.8
154696,04/05/2018 03:20:00,401211,4,80,W,ML,0.355,60,100,118.0,0.0163,69.4
154950,04/05/2018 03:20:00,401698,4,80,W,ML,0.62,50,0,470.0,0.0519,57.8
156446,04/05/2018 03:20:00,405602,4,80,W,ML,0.385,50,100,123.0,0.0209,72.4
158547,04/05/2018 03:25:00,401211,4,80,W,ML,0.355,60,100,158.0,0.0205,68.1
158801,04/05/2018 03:25:00,401698,4,80,W,ML,0.62,50,0,542.0,0.0614,58.9
160297,04/05/2018 03:25:00,405602,4,80,W,ML,0.385,50,100,151.0,0.0254,71.9
162398,04/05/2018 03:30:00,401211,4,80,W,ML,0.355,60,100,160.0,0.0181,71.3
162652,04/05/2018 03:30:00,401698,4,80,W,ML,0.62,50,0,553.0,0.0582,58.8
164148,04/05/2018 03:30:00,405602,4,80,W,ML,0.385,50,100,155.0,0.0239,73.1
166249,04/05/2018 03:35:00,401211,4,80,W,ML,0.355,60,100,170.0,0.023,68.1
166503,04/05/2018 03:35:00,401698,4,80,W,ML,0.62,50,0,572.0,0.0684,59.4
167999,04/05/2018 03:35:00,405602,4,80,W,ML,0.385,50,100,178.0,0.0312,70.6
170100,04/05/2018 03:40:00,401211,4,80,W,ML,0.355,59,100,184.0,0.0231,68.4
170354,04/05/2018 03:40:00,401698,4,80,W,ML,0.62,50,0,590.0,0.0703,57.2
171850,04/05/2018 03:40:00,405602,4,80,W,ML,0.385,50,100,177.0,0.0278,71.4
173951,04/05/2018 03:45:00,401211,4,80,W,ML,0.355,60,100,175.0,0.0209,70.0
174205,04/05/2018 03:45:00,401698,4,80,W,ML,0.62,50,0,571.0,0.0646,59.7
175701,04/05/2018 03:45:00,405602,4,80,W,ML,0.385,50,100,180.0,0.0277,72.5
177802,04/05/2018 03:50:00,401211,4,80,W,ML,0.355,60,100,186.0,0.0221,70.3
178056,04/05/2018 03:50:00,401698,4,80,W,ML,0.62,50,0,645.0,0.0612,60.3
179552,04/05/2018 03:50:00,405602,4,80,W,ML,0.385,50,100,172.0,0.0242,73.7
181653,04/05/2018 03:55:00,401211,4,80,W,ML,0.355,59,100,170.0,0.0216,69.4
181907,04/05/2018 03:55:00,401698,4,80,W,ML,0.62,50,0,639.0,0.0655,59.0
183403,04/05/2018 03:55:00,405602,4,80,W,ML,0.385,50,100,182.0,0.0294,72.0
185504,04/05/2018 04:00:00,401211,4,80,W,ML,0.355,60,100,152.0,0.0179,71.2
185758,04/05/2018 04:00:00,401698,4,80,W,ML,0.62,50,0,566.0,0.0595,58.7
187254,04/05/2018 04:00:00,405602,4,80,W,ML,0.385,50,100,200.0,0.0301,73.6
189355,04/05/2018 04:05:00,401211,4,80,W,ML,0.355,60,100,238.0,0.0279,71.2
189609,04/05/2018 04:05:00,401698,4,80,W,ML,0.62,50,0,725.0,0.0744,58.9
191105,04/05/2018 04:05:00,405602,4,80,W,ML,0.385,50,100,230.0,0.0345,74.4
193206,04/05/2018 04:10:00,401211,4,80,W,ML,0.355,60,100,237.0,0.0266,72.1
193460,04/05/2018 04:10:00,401698,4,80,W,ML,0.62,50,0,763.0,0.0743,61.1
194956,04/05/2018 04:10:00,405602,4,80,W,ML,0.385,50,100,200.0,0.0277,75.2
197057,04/05/2018 04:15:00,401211,4,80,W,ML,0.355,60,100,245.0,0.0275,72.1
197311,04/05/2018 04:15:00,401698,4,80,W,ML,0.62,50,0,836.0,0.0746,62.3
198807,04/05/2018 04:15:00,405602,4,80,W,ML,0.385,50,100,279.0,0.0395,75.8
200908,04/05/2018 04:20:00,401211,4,80,W,ML,0.355,60,100,302.0,0.0341,71.9
201162,04/05/2018 04:20:00,401698,4,80,W,ML,0.62,50,0,893.0,0.0933,62.3
202658,04/05/2018 04:20:00,405602,4,80,W,ML,0.385,50,100,308.0,0.0444,75.4
204759,04/05/2018 04:25:00,401211,4,80,W,ML,0.355,60,100,328.0,0.0369,71.8
205013,04/05/2018 04:25:00,401698,4,80,W,ML,0.62,50,0,953.0,0.0968,62.5
206509,04/05/2018 04:25:00,405602,4,80,W,ML,0.385,50,100,368.0,0.0522,76.1
208610,04/05/2018 04:30:00,401211,4,80,W,ML,0.355,60,100,359.0,0.0399,72.4
208864,04/05/2018 04:30:00,401698,4,80,W,ML,0.62,50,0,1015.0,0.1009,63.1
210360,04/05/2018 04:30:00,405602,4,80,W,ML,0.385,50,100,308.0,0.0437,75.8
212461,04/05/2018 04:35:00,401211,4,80,W,ML,0.355,60,100,418.0,0.0501,70.2
212715,04/05/2018 04:35:00,401698,4,80,W,ML,0.62,50,0,1184.0,0.1258,60.3
214211,04/05/2018 04:35:00,405602,4,80,W,ML,0.385,50,100,439.0,0.0668,74.8
216312,04/05/2018 04:40:00,401211,4,80,W,ML,0.355,60,100,261.0,0.0309,69.4
216566,04/05/2018 04:40:00,401698,4,80,W,ML,0.62,50,0,860.0,0.0815,58.5
218062,04/05/2018 04:40:00,405602,4,80,W,ML,0.385,50,100,425.0,0.0637,73.9
220163,04/05/2018 04:45:00,401211,4,80,W,ML,0.355,60,100,325.0,0.0394,68.6
220417,04/05/2018 04:45:00,401698,4,80,W,ML,0.62,50,0,966.0,0.1047,59.1
221913,04/05/2018 04:45:00,405602,4,80,W,ML,0.385,50,100,277.0,0.0426,72.6
224014,04/05/2018 04:50:00,401211,4,80,W,ML,0.355,60,100,529.0,0.0605,69.7
224268,04/05/2018 04:50:00,401698,4,80,W,ML,0.62,50,0,1408.0,0.1538,60.0
225764,04/05/2018 04:50:00,405602,4,80,W,ML,0.385,50,100,545.0,0.0781,73.6
227865,04/05/2018 04:55:00,401211,4,80,W,ML,0.355,60,100,455.0,0.0498,71.5
228119,04/05/2018 04:55:00,401698,4,80,W,ML,0.62,50,0,1236.0,0.1263,61.6
229615,04/05/2018 04:55:00,405602,4,80,W,ML,0.385,50,100,408.0,0.0569,74.4
231716,04/05/2018 05:00:00,401211,4,80,W,ML,0.355,60,100,552.0,0.0651,72.5
231970,04/05/2018 05:00:00,401698,4,80,W,ML,0.62,50,0,1412.0,0.1563,63.7
233466,04/05/2018 05:00:00,405602,4,80,W,ML,0.385,50,100,527.0,0.0805,74.9
235567,04/05/2018 05:05:00,401211,4,80,W,ML,0.355,60,100,492.0,0.0612,71.1
235821,04/05/2018 05:05:00,401698,4,80,W,ML,0.62,50,0,1349.0,0.1645,61.9
237317,04/05/2018 05:05:00,405602,4,80,W,ML,0.385,50,100,504.0,0.0768,75.6
239418,04/05/2018 05:10:00,401211,4,80,W,ML,0.355,60,100,674.0,0.0805,72.2
239672,04/05/2018 05:10:00,401698,4,80,W,ML,0.62,50,0,1423.0,0.2089,62.9
241168,04/05/2018 05:10:00,405602,4,80,W,ML,0.385,50,100,627.0,0.0947,76.5
243269,04/05/2018 05:15:00,401211,4,80,W,ML,0.355,60,100,598.0,0.0751,70.8
243523,04/05/2018 05:15:00,401698,4,80,W,ML,0.62,50,0,1410.0,0.1803,61.3
245019,04/05/2018 05:15:00,405602,4,80,W,ML,0.385,50,100,621.0,0.1037,73.5
247120,04/05/2018 05:20:00,401211,4,80,W,ML,0.355,60,100,504.0,0.0633,70.5
247374,04/05/2018 05:20:00,401698,4,80,W,ML,0.62,50,0,1323.0,0.1538,59.3
248870,04/05/2018 05:20:00,405602,4,80,W,ML,0.385,50,100,595.0,0.0959,73.1
250971,04/05/2018 05:25:00,401211,4,80,W,ML,0.355,60,100,640.0,0.0823,68.8
251225,04/05/2018 05:25:00,401698,4,80,W,ML,0.62,50,0,1454.0,0.1986,58.6
252721,04/05/2018 05:25:00,405602,4,80,W,ML,0.385,50,100,573.0,0.0941,71.7
254822,04/05/2018 05:30:00,401211,4,80,W,ML,0.355,60,100,601.0,0.0751,69.0
255076,04/05/2018 05:30:00,401698,4,80,W,ML,0.62,50,0,1426.0,0.16899999999999998,59.3
256572,04/05/2018 05:30:00,405602,4,80,W,ML,0.385,50,100,703.0,0.1246,68.4
258673,04/05/2018 05:35:00,401211,4,80,W,ML,0.355,60,100,692.0,0.0915,67.4
258927,04/05/2018 05:35:00,401698,4,80,W,ML,0.62,50,0,1494.0,0.2026,57.9
260423,04/05/2018 05:35:00,405602,4,80,W,ML,0.385,50,100,641.0,0.1209,65.0
262524,04/05/2018 05:40:00,401211,4,80,W,ML,0.355,60,100,554.0,0.0672,68.9
262778,04/05/2018 05:40:00,401698,4,80,W,ML,0.62,50,0,1386.0,0.1612,59.1
264274,04/05/2018 05:40:00,405602,4,80,W,ML,0.385,50,100,707.0,0.11699999999999999,67.6
266375,04/05/2018 05:45:00,401211,4,80,W,ML,0.355,60,100,634.0,0.0847,66.6
266629,04/05/2018 05:45:00,401698,4,80,W,ML,0.62,50,0,1464.0,0.2071,57.0
268125,04/05/2018 05:45:00,405602,4,80,W,ML,0.385,50,100,647.0,0.1098,68.0
270226,04/05/2018 05:50:00,401211,4,80,W,ML,0.355,60,100,591.0,0.0752,67.0
270480,04/05/2018 05:50:00,401698,4,80,W,ML,0.62,50,0,1488.0,0.1738,57.8
271976,04/05/2018 05:50:00,405602,4,80,W,ML,0.385,50,100,678.0,0.1198,66.7
274077,04/05/2018 05:55:00,401211,4,80,W,ML,0.355,60,100,402.0,0.0507,67.3
274331,04/05/2018 05:55:00,401698,4,80,W,ML,0.62,50,0,1176.0,0.1197,57.6
275827,04/05/2018 05:55:00,405602,4,80,W,ML,0.385,50,100,605.0,0.1047,66.6
277928,04/05/2018 06:00:00,401211,4,80,W,ML,0.355,60,100,515.0,0.064,65.8
278182,04/05/2018 06:00:00,401698,4,80,W,ML,0.62,50,0,1353.0,0.1575,55.8
279678,04/05/2018 06:00:00,405602,4,80,W,ML,0.385,50,100,591.0,0.0982,64.4
281779,04/05/2018 06:05:00,401211,4,80,W,ML,0.355,60,100,620.0,0.0804,63.6
282033,04/05/2018 06:05:00,401698,4,80,W,ML,0.62,50,0,1443.0,0.1889,54.4
283529,04/05/2018 06:05:00,405602,4,80,W,ML,0.385,50,100,631.0,0.1073,62.8
285630,04/05/2018 06:10:00,401211,4,80,W,ML,0.355,60,100,448.0,0.0572,63.1
285884,04/05/2018 06:10:00,401698,4,80,W,ML,0.62,50,0,1237.0,0.1447,54.1
287380,04/05/2018 06:10:00,405602,4,80,W,ML,0.385,50,100,666.0,0.114,61.9
289481,04/05/2018 06:15:00,401211,4,80,W,ML,0.355,60,100,545.0,0.0757,60.7
289735,04/05/2018 06:15:00,401698,4,80,W,ML,0.62,50,0,1426.0,0.1755,52.4
291231,04/05/2018 06:15:00,405602,4,80,W,ML,0.385,50,100,603.0,0.1093,59.5
293332,04/05/2018 06:20:00,401211,4,80,W,ML,0.355,60,100,612.0,0.0895,57.8
293586,04/05/2018 06:20:00,401698,4,80,W,ML,0.62,50,0,1500.0,0.2114,50.0
295082,04/05/2018 06:20:00,405602,4,80,W,ML,0.385,50,100,672.0,0.128,57.0
297183,04/05/2018 06:25:00,401211,4,80,W,ML,0.355,60,100,610.0,0.0864,57.4
297437,04/05/2018 06:25:00,401698,4,80,W,ML,0.62,50,0,1491.0,0.2066,49.6
298933,04/05/2018 06:25:00,405602,4,80,W,ML,0.385,50,100,627.0,0.1176,56.1
301034,04/05/2018 06:30:00,401211,4,80,W,ML,0.355,60,100,658.0,0.0949,56.7
301288,04/05/2018 06:30:00,401698,4,80,W,ML,0.62,50,0,1487.0,0.2207,48.9
302784,04/05/2018 06:30:00,405602,4,80,W,ML,0.385,50,100,608.0,0.1249,53.6
304885,04/05/2018 06:35:00,401211,4,80,W,ML,0.355,60,100,529.0,0.0787,55.4
305139,04/05/2018 06:35:00,401698,4,80,W,ML,0.62,50,0,1458.0,0.1835,47.3
306635,04/05/2018 06:35:00,405602,4,80,W,ML,0.385,50,100,666.0,0.1315,53.1
308736,04/05/2018 06:40:00,401211,4,80,W,ML,0.355,60,100,542.0,0.081,54.6
308990,04/05/2018 06:40:00,401698,4,80,W,ML,0.62,50,0,1483.0,0.1962,45.9
310486,04/05/2018 06:40:00,405602,4,80,W,ML,0.385,50,100,674.0,0.1389,51.6
312587,04/05/2018 06:45:00,401211,4,80,W,ML,0.355,60,100,541.0,0.0787,54.8
312841,04/05/2018 06:45:00,401698,4,80,W,ML,0.62,50,0,1449.0,0.1976,45.4
314337,04/05/2018 06:45:00,405602,4,80,W,ML,0.385,50,100,602.0,0.1185,52.3
316438,04/05/2018 06:50:00,401211,4,80,W,ML,0.355,60,100,438.0,0.0644,55.0
316692,04/05/2018 06:50:00,401698,4,80,W,ML,0.62,50,0,1306.0,0.1517,46.9
318188,04/05/2018 06:50:00,405602,4,80,W,ML,0.385,50,100,635.0,0.12300000000000001,53.1
320289,04/05/2018 06:55:00,401211,4,80,W,ML,0.355,60,100,380.0,0.0534,56.3
320543,04/05/2018 06:55:00,401698,4,80,W,ML,0.62,50,0,1245.0,0.1303,48.0
322039,04/05/2018 06:55:00,405602,4,80,W,ML,0.385,50,100,593.0,0.1092,54.9
324140,04/05/2018 07:00:00,401211,4,80,W,ML,0.355,60,100,590.0,0.0944,53.6
324394,04/05/2018 07:00:00,401698,4,80,W,ML,0.62,50,0,1484.0,0.2236,44.5
325890,04/05/2018 07:00:00,405602,4,80,W,ML,0.385,50,100,646.0,0.1253,54.3
327991,04/05/2018 07:05:00,401211,4,80,W,ML,0.355,60,100,531.0,0.0769,54.5
328245,04/05/2018 07:05:00,401698,4,80,W,ML,0.62,50,0,1461.0,0.1797,46.2
329741,04/05/2018 07:05:00,405602,4,80,W,ML,0.385,50,100,597.0,0.11800000000000001,53.3
331842,04/05/2018 07:10:00,401211,4,80,W,ML,0.355,60,100,428.0,0.0633,54.8
332096,04/05/2018 07:10:00,401698,4,80,W,ML,0.62,50,0,1284.0,0.1534,45.5
333592,04/05/2018 07:10:00,405602,4,80,W,ML,0.385,50,100,542.0,0.1019,54.2
335693,04/05/2018 07:15:00,401211,4,80,W,ML,0.355,60,100,454.0,0.0619,56.8
335947,04/05/2018 07:15:00,401698,4,80,W,ML,0.62,50,0,1306.0,0.1459,47.9
337443,04/05/2018 07:15:00,405602,4,80,W,ML,0.385,50,100,642.0,0.1197,55.0
339544,04/05/2018 07:20:00,401211,4,80,W,ML,0.355,60,100,405.0,0.061,55.5
339798,04/05/2018 07:20:00,401698,4,80,W,ML,0.62,50,0,1176.0,0.1473,46.3
341294,04/05/2018 07:20:00,405602,4,80,W,ML,0.385,50,100,537.0,0.1046,54.4
343395,04/05/2018 07:25:00,401211,4,80,W,ML,0.355,60,100,597.0,0.0873,55.2
343649,04/05/2018 07:25:00,401698,4,80,W,ML,0.62,50,0,1496.0,0.2073,47.0
345145,04/05/2018 07:25:00,405602,4,80,W,ML,0.385,50,100,648.0,0.1272,53.5
347246,04/05/2018 07:30:00,401211,4,80,W,ML,0.355,60,100,425.0,0.0649,54.2
347500,04/05/2018 07:30:00,401698,4,80,W,ML,0.62,50,0,1242.0,0.1662,45.5
348996,04/05/2018 07:30:00,405602,4,80,W,ML,0.385,50,100,614.0,0.1157,54.4
351097,04/05/2018 07:35:00,401211,4,80,W,ML,0.355,60,100,592.0,0.1149,48.9
351351,04/05/2018 07:35:00,401698,4,80,W,ML,0.62,50,0,1465.0,0.2752,39.2
352847,04/05/2018 07:35:00,405602,4,80,W,ML,0.385,50,100,630.0,0.1152,55.5
354948,04/05/2018 07:40:00,401211,4,80,W,ML,0.355,60,100,469.0,0.0765,48.8
355202,04/05/2018 07:40:00,401698,4,80,W,ML,0.62,50,0,1383.0,0.1884,39.5
356698,04/05/2018 07:40:00,405602,4,80,W,ML,0.385,50,100,627.0,0.124,54.0
358799,04/05/2018 07:45:00,401211,4,80,W,ML,0.355,60,100,631.0,0.1332,45.1
359053,04/05/2018 07:45:00,401698,4,80,W,ML,0.62,50,0,1498.0,0.3301,35.2
360549,04/05/2018 07:45:00,405602,4,80,W,ML,0.385,50,100,458.0,0.0951,52.3
362650,04/05/2018 07:50:00,401211,4,80,W,ML,0.355,60,100,420.0,0.1118,40.7
362904,04/05/2018 07:50:00,401698,4,80,W,ML,0.62,50,0,1346.0,0.2981,30.8
364400,04/05/2018 07:50:00,405602,4,80,W,ML,0.385,50,100,488.0,0.1288,46.9
366501,04/05/2018 07:55:00,401211,4,80,W,ML,0.355,60,100,429.0,0.1117,38.7
366755,04/05/2018 07:55:00,401698,4,80,W,ML,0.62,50,0,1361.0,0.2825,29.5
368251,04/05/2018 07:55:00,405602,4,80,W,ML,0.385,50,100,559.0,0.129,46.2
370352,04/05/2018 08:00:00,401211,4,80,W,ML,0.355,60,100,603.0,0.1054,43.1
370606,04/05/2018 08:00:00,401698,4,80,W,ML,0.62,50,0,1492.0,0.2421,33.6
372102,04/05/2018 08:00:00,405602,4,80,W,ML,0.385,50,100,572.0,0.1256,46.7
374203,04/05/2018 08:05:00,401211,4,80,W,ML,0.355,60,100,547.0,0.1336,41.3
374457,04/05/2018 08:05:00,401698,4,80,W,ML,0.62,50,0,1499.0,0.3469,31.4
375953,04/05/2018 08:05:00,405602,4,80,W,ML,0.385,50,100,559.0,0.1428,44.6
378054,04/05/2018 08:10:00,401211,4,80,W,ML,0.355,60,100,587.0,0.1303,41.0
378308,04/05/2018 08:10:00,401698,4,80,W,ML,0.62,50,0,1451.0,0.3176,30.4
379804,04/05/2018 08:10:00,405602,4,80,W,ML,0.385,50,100,592.0,0.1354,45.3
381905,04/05/2018 08:15:00,401211,4,80,W,ML,0.355,60,100,630.0,0.1503,39.8
382159,04/05/2018 08:15:00,401698,4,80,W,ML,0.62,50,0,1483.0,0.3853,29.3
383655,04/05/2018 08:15:00,405602,4,80,W,ML,0.385,50,100,537.0,0.1505,41.8
385756,04/05/2018 08:20:00,401211,4,80,W,ML,0.355,60,100,370.0,0.0715,42.7
386010,04/05/2018 08:20:00,401698,4,80,W,ML,0.62,50,0,1259.0,0.1845,34.1
387506,04/05/2018 08:20:00,405602,4,80,W,ML,0.385,50,100,521.0,0.124,43.2
389607,04/05/2018 08:25:00,401211,4,80,W,ML,0.355,60,100,413.0,0.1027,40.8
389861,04/05/2018 08:25:00,401698,4,80,W,ML,0.62,50,0,1367.0,0.2761,31.4
391357,04/05/2018 08:25:00,405602,4,80,W,ML,0.385,50,100,622.0,0.1595,42.8
393458,04/05/2018 08:30:00,401211,4,80,W,ML,0.355,60,100,577.0,0.1532,39.6
393712,04/05/2018 08:30:00,401698,4,80,W,ML,0.62,50,0,1464.0,0.4254,28.8
395208,04/05/2018 08:30:00,405602,4,80,W,ML,0.385,50,100,592.0,0.1812,40.3
397309,04/05/2018 08:35:00,401211,4,80,W,ML,0.355,60,100,414.0,0.0855,41.3
397563,04/05/2018 08:35:00,401698,4,80,W,ML,0.62,50,0,1377.0,0.2244,29.1
399059,04/05/2018 08:35:00,405602,4,80,W,ML,0.385,50,100,576.0,0.1598,39.9
401160,04/05/2018 08:40:00,401211,4,80,W,ML,0.355,60,100,338.0,0.0771,39.9
401414,04/05/2018 08:40:00,401698,4,80,W,ML,0.62,50,0,1180.0,0.1982,27.8
402910,04/05/2018 08:40:00,405602,4,80,W,ML,0.385,50,100,630.0,0.142,43.1
405011,04/05/2018 08:45:00,401211,4,80,W,ML,0.355,60,100,614.0,0.127,41.7
405265,04/05/2018 08:45:00,401698,4,80,W,ML,0.62,50,0,1478.0,0.3324,29.6
406761,04/05/2018 08:45:00,405602,4,80,W,ML,0.385,50,100,616.0,0.1577,42.5
408862,04/05/2018 08:50:00,401211,4,80,W,ML,0.355,60,100,544.0,0.1217,41.5
409116,04/05/2018 08:50:00,401698,4,80,W,ML,0.62,50,0,1458.0,0.3308,31.7
410612,04/05/2018 08:50:00,405602,4,80,W,ML,0.385,50,100,548.0,0.1421,42.4
412713,04/05/2018 08:55:00,401211,4,80,W,ML,0.355,60,100,485.0,0.1153,40.8
412967,04/05/2018 08:55:00,401698,4,80,W,ML,0.62,50,0,1471.0,0.3109,28.9
414463,04/05/2018 08:55:00,405602,4,80,W,ML,0.385,50,100,492.0,0.1255,42.1
416564,04/05/2018 09:00:00,401211,4,80,W,ML,0.355,60,100,535.0,0.105,42.5
416818,04/05/2018 09:00:00,401698,4,80,W,ML,0.62,50,0,1494.0,0.2806,31.2
418314,04/05/2018 09:00:00,405602,4,80,W,ML,0.385,50,100,537.0,0.1165,45.3
420415,04/05/2018 09:05:00,401211,4,80,W,ML,0.355,60,100,374.0,0.0615,46.7
420669,04/05/2018 09:05:00,401698,4,80,W,ML,0.62,50,0,1233.0,0.1616,35.4
422165,04/05/2018 09:05:00,405602,4,80,W,ML,0.385,50,100,386.0,0.0656,53.2
424266,04/05/2018 09:10:00,401211,4,80,W,ML,0.355,60,100,461.0,0.0634,53.4
424520,04/05/2018 09:10:00,401698,4,80,W,ML,0.62,50,0,1359.0,0.1611,42.3
426016,04/05/2018 09:10:00,405602,4,80,W,ML,0.385,50,100,398.0,0.0667,57.7
428117,04/05/2018 09:15:00,401211,4,80,W,ML,0.355,60,100,566.0,0.0763,57.6
428371,04/05/2018 09:15:00,401698,4,80,W,ML,0.62,50,0,1480.0,0.2051,47.3
429867,04/05/2018 09:15:00,405602,4,80,W,ML,0.385,50,100,609.0,0.1036,59.4
431968,04/05/2018 09:20:00,401211,4,80,W,ML,0.355,60,100,409.0,0.0606,56.4
432222,04/05/2018 09:20:00,401698,4,80,W,ML,0.62,50,0,1348.0,0.1568,47.0
433718,04/05/2018 09:20:00,405602,4,80,W,ML,0.385,50,100,325.0,0.0765,52.6
435819,04/05/2018 09:25:00,401211,4,80,W,ML,0.355,60,100,470.0,0.0745,54.5
436073,04/05/2018 09:25:00,401698,4,80,W,ML,0.62,50,0,1343.0,0.1954,44.3
437569,04/05/2018 09:25:00,405602,4,80,W,ML,0.385,50,100,471.0,0.1186,47.9
439670,04/05/2018 09:30:00,401211,4,80,W,ML,0.355,60,100,442.0,0.0766,52.5
439924,04/05/2018 09:30:00,401698,4,80,W,ML,0.62,50,0,1363.0,0.2007,41.9
441420,04/05/2018 09:30:00,405602,4,80,W,ML,0.385,50,100,612.0,0.1293,49.2
443521,04/05/2018 09:35:00,401211,4,80,W,ML,0.355,60,100,547.0,0.0794,54.5
443775,04/05/2018 09:35:00,401698,4,80,W,ML,0.62,50,0,1477.0,0.201,45.0
445271,04/05/2018 09:35:00,405602,4,80,W,ML,0.385,50,100,439.0,0.0958,49.2
447372,04/05/2018 09:40:00,401211,4,80,W,ML,0.355,60,100,595.0,0.0824,57.2
447626,04/05/2018 09:40:00,401698,4,80,W,ML,0.62,50,0,1500.0,0.2204,47.0
449122,04/05/2018 09:40:00,405602,4,80,W,ML,0.385,50,100,596.0,0.1104,52.8
451223,04/05/2018 09:45:00,401211,4,80,W,ML,0.355,60,100,564.0,0.0811,57.5
451477,04/05/2018 09:45:00,401698,4,80,W,ML,0.62,50,0,1467.0,0.2171,48.1
452973,04/05/2018 09:45:00,405602,4,80,W,ML,0.385,50,100,574.0,0.1079,54.4
455074,04/05/2018 09:50:00,401211,4,80,W,ML,0.355,60,100,492.0,0.0691,58.3
455328,04/05/2018 09:50:00,401698,4,80,W,ML,0.62,50,0,1443.0,0.1631,48.5
456824,04/05/2018 09:50:00,405602,4,80,W,ML,0.385,50,100,611.0,0.1324,51.6
458925,04/05/2018 09:55:00,401211,4,80,W,ML,0.355,60,100,479.0,0.0718,56.9
459179,04/05/2018 09:55:00,401698,4,80,W,ML,0.62,50,0,1421.0,0.1823,46.8
460675,04/05/2018 09:55:00,405602,4,80,W,ML,0.385,50,100,612.0,0.1202,52.6
462776,04/05/2018 10:00:00,401211,4,80,W,ML,0.355,60,100,460.0,0.0657,58.0
463030,04/05/2018 10:00:00,401698,4,80,W,ML,0.62,50,0,1353.0,0.1595,46.8
464526,04/05/2018 10:00:00,405602,4,80,W,ML,0.385,50,100,586.0,0.1125,53.6
466627,04/05/2018 10:05:00,401211,4,80,W,ML,0.355,48,100,659.0,0.0985,56.0
466881,04/05/2018 10:05:00,401698,4,80,W,ML,0.62,40,0,1500.0,0.2715,45.7
468377,04/05/2018 10:05:00,405602,4,80,W,ML,0.385,40,100,627.0,0.129,52.2
470478,04/05/2018 10:10:00,401211,4,80,W,ML,0.355,60,100,564.0,0.0849,56.1
470732,04/05/2018 10:10:00,401698,4,80,W,ML,0.62,50,0,1473.0,0.2133,44.9
472228,04/05/2018 10:10:00,405602,4,80,W,ML,0.385,50,100,619.0,0.1132,54.9
474329,04/05/2018 10:15:00,401211,4,80,W,ML,0.355,60,100,529.0,0.0922,52.6
474583,04/05/2018 10:15:00,401698,4,80,W,ML,0.62,50,0,1470.0,0.2465,42.8
476079,04/05/2018 10:15:00,405602,4,80,W,ML,0.385,50,100,617.0,0.1029,58.7
478180,04/05/2018 10:20:00,401211,4,80,W,ML,0.355,60,100,639.0,0.1176,50.4
478434,04/05/2018 10:20:00,401698,4,80,W,ML,0.62,50,0,1249.0,0.2802,36.6
479930,04/05/2018 10:20:00,405602,4,80,W,ML,0.385,50,100,571.0,0.0968,60.5
482031,04/05/2018 10:25:00,401211,4,80,W,ML,0.355,60,100,395.0,0.0788,47.7
482285,04/05/2018 10:25:00,401698,4,80,W,ML,0.62,50,0,1213.0,0.1904,35.9
483781,04/05/2018 10:25:00,405602,4,80,W,ML,0.385,50,100,477.0,0.1522,47.0
485882,04/05/2018 10:30:00,401211,4,80,W,ML,0.355,6,100,330.0,0.0568,49.1
486136,04/05/2018 10:30:00,401698,4,80,W,ML,0.62,5,0,1055.0,0.12,37.9
487632,04/05/2018 10:30:00,405602,4,80,W,ML,0.385,10,100,380.0,0.3776,31.1
489733,04/05/2018 10:35:00,401211,4,80,W,ML,0.355,0,0,489.0,0.1829,28.7
489987,04/05/2018 10:35:00,401698,4,80,W,ML,0.62,0,0,407.0,0.0666,62.5
491483,04/05/2018 10:35:00,405602,4,80,W,ML,0.385,0,0,447.0,0.18600000000000003,26.8
493584,04/05/2018 10:40:00,401211,4,80,W,ML,0.355,0,0,486.0,0.1939,27.1
493838,04/05/2018 10:40:00,401698,4,80,W,ML,0.62,0,0,403.0,0.065,63.0
495334,04/05/2018 10:40:00,405602,4,80,W,ML,0.385,0,0,485.0,0.201,26.6
497435,04/05/2018 10:45:00,401211,4,80,W,ML,0.355,0,0,359.0,0.1728,25.6
497689,04/05/2018 10:45:00,401698,4,80,W,ML,0.62,0,0,419.0,0.0667,62.9
499185,04/05/2018 10:45:00,405602,4,80,W,ML,0.385,0,0,396.0,0.2176,26.0
501286,04/05/2018 10:50:00,401211,4,80,W,ML,0.355,0,0,502.0,0.1955,26.4
501540,04/05/2018 10:50:00,401698,4,80,W,ML,0.62,0,0,406.0,0.0666,62.3
503036,04/05/2018 10:50:00,405602,4,80,W,ML,0.385,0,0,451.0,0.2139,25.6
505137,04/05/2018 10:55:00,401211,4,80,W,ML,0.355,0,0,460.0,0.1826,26.2
505391,04/05/2018 10:55:00,401698,4,80,W,ML,0.62,0,0,397.0,0.066,62.3
506887,04/05/2018 10:55:00,405602,4,80,W,ML,0.385,0,0,500.0,0.2331,25.1
508988,04/05/2018 11:00:00,401211,4,80,W,ML,0.355,0,0,404.0,0.2008,24.2
509242,04/05/2018 11:00:00,401698,4,80,W,ML,0.62,0,0,394.0,0.0635,62.5
510738,04/05/2018 11:00:00,405602,4,80,W,ML,0.385,0,0,394.0,0.1904,24.3
512839,04/05/2018 11:05:00,401211,4,80,W,ML,0.355,0,0,450.0,0.1894,24.1
513093,04/05/2018 11:05:00,401698,4,80,W,ML,0.62,0,0,399.0,0.0643,62.4
514589,04/05/2018 11:05:00,405602,4,80,W,ML,0.385,0,0,481.0,0.2186,23.5
516690,04/05/2018 11:10:00,401211,4,80,W,ML,0.355,48,100,527.0,0.1288,35.4
516944,04/05/2018 11:10:00,401698,4,80,W,ML,0.62,40,0,1432.0,0.3265,23.8
518440,04/05/2018 11:10:00,405602,4,80,W,ML,0.385,35,100,490.0,0.14400000000000002,35.7
520541,04/05/2018 11:15:00,401211,4,80,W,ML,0.355,60,100,507.0,0.1742,33.0
520795,04/05/2018 11:15:00,401698,4,80,W,ML,0.62,50,0,1282.0,0.4243,25.0
522291,04/05/2018 11:15:00,405602,4,80,W,ML,0.385,15,100,390.0,0.1206,34.8
524392,04/05/2018 11:20:00,401211,4,80,W,ML,0.355,60,100,520.0,0.1929,29.9
524646,04/05/2018 11:20:00,401698,4,80,W,ML,0.62,50,0,1458.0,0.4355,23.2
526142,04/05/2018 11:20:00,405602,4,80,W,ML,0.385,0,0,405.0,0.1485,38.1
528243,04/05/2018 11:25:00,401211,4,80,W,ML,0.355,60,100,361.0,0.1194,29.1
528497,04/05/2018 11:25:00,401698,4,80,W,ML,0.62,50,0,1235.0,0.2817,23.2
529993,04/05/2018 11:25:00,405602,4,80,W,ML,0.385,0,0,326.0,0.1088,38.0
532094,04/05/2018 11:30:00,401211,4,80,W,ML,0.355,60,100,480.0,0.1738,29.1
532348,04/05/2018 11:30:00,401698,4,80,W,ML,0.62,50,0,1453.0,0.3682,23.5
533844,04/05/2018 11:30:00,405602,4,80,W,ML,0.385,0,0,410.0,0.1444,37.8
535945,04/05/2018 11:35:00,401211,4,80,W,ML,0.355,60,100,604.0,0.2259,27.5
536199,04/05/2018 11:35:00,401698,4,80,W,ML,0.62,50,0,1475.0,0.4592,23.3
537695,04/05/2018 11:35:00,405602,4,80,W,ML,0.385,15,100,200.0,0.0621,71.5
539796,04/05/2018 11:40:00,401211,4,80,W,ML,0.355,60,100,457.0,0.1942,25.9
540050,04/05/2018 11:40:00,401698,4,80,W,ML,0.62,50,0,1426.0,0.3962,19.7
541546,04/05/2018 11:40:00,405602,4,80,W,ML,0.385,50,100,558.0,0.2583,47.3
543647,04/05/2018 11:45:00,401211,4,80,W,ML,0.355,60,100,499.0,0.2386,23.9
543901,04/05/2018 11:45:00,401698,4,80,W,ML,0.62,50,0,1468.0,0.4827,16.4
545397,04/05/2018 11:45:00,405602,4,80,W,ML,0.385,50,100,557.0,0.2367,37.2
547498,04/05/2018 11:50:00,401211,4,80,W,ML,0.355,60,100,498.0,0.2311,21.2
547752,04/05/2018 11:50:00,401698,4,80,W,ML,0.62,50,0,1464.0,0.4771,16.0
549248,04/05/2018 11:50:00,405602,4,80,W,ML,0.385,50,100,417.0,0.223,29.5
551349,04/05/2018 11:55:00,401211,4,80,W,ML,0.355,60,100,541.0,0.2606,21.2
551603,04/05/2018 11:55:00,401698,4,80,W,ML,0.62,50,0,1426.0,0.5594,15.0
553099,04/05/2018 11:55:00,405602,4,80,W,ML,0.385,50,100,545.0,0.2964,24.6
555200,04/05/2018 12:00:00,401211,4,80,W,ML,0.355,60,100,465.0,0.1803,23.5
555454,04/05/2018 12:00:00,401698,4,80,W,ML,0.62,50,0,1466.0,0.4222,17.4
556950,04/05/2018 12:00:00,405602,4,80,W,ML,0.385,50,100,466.0,0.2391,23.8
559051,04/05/2018 12:05:00,401211,4,80,W,ML,0.355,60,100,558.0,0.2356,23.2
559305,04/05/2018 12:05:00,401698,4,80,W,ML,0.62,50,0,1414.0,0.5192,17.2
560801,04/05/2018 12:05:00,405602,4,80,W,ML,0.385,50,100,493.0,0.2013,25.0
562902,04/05/2018 12:10:00,401211,4,80,W,ML,0.355,60,100,516.0,0.1983,25.2
563156,04/05/2018 12:10:00,401698,4,80,W,ML,0.62,50,0,1399.0,0.467,16.9
564652,04/05/2018 12:10:00,405602,4,80,W,ML,0.385,50,100,425.0,0.214,23.6
566753,04/05/2018 12:15:00,401211,4,80,W,ML,0.355,60,100,400.0,0.1682,24.9
567007,04/05/2018 12:15:00,401698,4,80,W,ML,0.62,50,0,1309.0,0.4153,17.6
568503,04/05/2018 12:15:00,405602,4,80,W,ML,0.385,50,100,451.0,0.1783,25.4
570604,04/05/2018 12:20:00,401211,4,80,W,ML,0.355,60,100,485.0,0.2387,23.2
570858,04/05/2018 12:20:00,401698,4,80,W,ML,0.62,50,0,1444.0,0.4957,16.2
572354,04/05/2018 12:20:00,405602,4,80,W,ML,0.385,50,100,577.0,0.2216,26.5
574455,04/05/2018 12:25:00,401211,4,80,W,ML,0.355,60,100,358.0,0.1407,23.8
574709,04/05/2018 12:25:00,401698,4,80,W,ML,0.62,50,0,1190.0,0.3106,16.9
576205,04/05/2018 12:25:00,405602,4,80,W,ML,0.385,50,100,488.0,0.23399999999999999,25.2
578306,04/05/2018 12:30:00,401211,4,80,W,ML,0.355,60,100,405.0,0.1522,24.1
578560,04/05/2018 12:30:00,401698,4,80,W,ML,0.62,50,0,1380.0,0.3109,18.3
580056,04/05/2018 12:30:00,405602,4,80,W,ML,0.385,50,100,383.0,0.179,24.3
582157,04/05/2018 12:35:00,401211,4,80,W,ML,0.355,60,100,586.0,0.2019,26.7
582411,04/05/2018 12:35:00,401698,4,80,W,ML,0.62,50,0,1459.0,0.5037,18.7
583907,04/05/2018 12:35:00,405602,4,80,W,ML,0.385,50,100,508.0,0.1851,27.3
586008,04/05/2018 12:40:00,401211,4,80,W,ML,0.355,60,100,505.0,0.1899,26.8
586262,04/05/2018 12:40:00,401698,4,80,W,ML,0.62,50,0,1465.0,0.4239,19.0
587758,04/05/2018 12:40:00,405602,4,80,W,ML,0.385,50,100,486.0,0.1895,28.2
589859,04/05/2018 12:45:00,401211,4,80,W,ML,0.355,60,100,522.0,0.1607,27.3
590113,04/05/2018 12:45:00,401698,4,80,W,ML,0.62,50,0,1419.0,0.3824,20.2
591609,04/05/2018 12:45:00,405602,4,80,W,ML,0.385,50,100,414.0,0.1229,31.6
593710,04/05/2018 12:50:00,401211,4,80,W,ML,0.355,60,100,450.0,0.1211,31.5
593964,04/05/2018 12:50:00,401698,4,80,W,ML,0.62,50,0,1451.0,0.3118,21.7
595460,04/05/2018 12:50:00,405602,4,80,W,ML,0.385,50,100,482.0,0.1925,30.1
597561,04/05/2018 12:55:00,401211,4,80,W,ML,0.355,60,100,440.0,0.1451,30.3
597815,04/05/2018 12:55:00,401698,4,80,W,ML,0.62,50,0,1365.0,0.3427,19.7
599311,04/05/2018 12:55:00,405602,4,80,W,ML,0.385,50,100,368.0,0.1398,29.8
601412,04/05/2018 13:00:00,401211,4,80,W,ML,0.355,60,100,402.0,0.1267,31.8
601666,04/05/2018 13:00:00,401698,4,80,W,ML,0.62,50,0,1292.0,0.3347,19.2
603162,04/05/2018 13:00:00,405602,4,80,W,ML,0.385,50,100,509.0,0.1731,30.8
605263,04/05/2018 13:05:00,401211,4,80,W,ML,0.355,60,100,469.0,0.1261,32.5
605517,04/05/2018 13:05:00,401698,4,80,W,ML,0.62,50,0,1454.0,0.3178,20.9
607013,04/05/2018 13:05:00,405602,4,80,W,ML,0.385,50,100,512.0,0.1539,33.2
609114,04/05/2018 13:10:00,401211,4,80,W,ML,0.355,0,0,603.0,0.1291,46.5
609368,04/05/2018 13:10:00,401698,4,80,W,ML,0.62,5,0,383.0,0.0556,66.0
610864,04/05/2018 13:10:00,405602,4,80,W,ML,0.385,5,100,660.0,0.2135,33.0
612965,04/05/2018 13:15:00,401211,4,80,W,ML,0.355,0,0,436.0,0.1555,27.7
613219,04/05/2018 13:15:00,401698,4,80,W,ML,0.62,0,0,465.0,0.0741,62.6
614715,04/05/2018 13:15:00,405602,4,80,W,ML,0.385,0,0,462.0,0.1699,29.9
616816,04/05/2018 13:20:00,401211,4,80,W,ML,0.355,0,0,471.0,0.1732,27.9
617070,04/05/2018 13:20:00,401698,4,80,W,ML,0.62,0,0,461.0,0.0744,62.7
618566,04/05/2018 13:20:00,405602,4,80,W,ML,0.385,0,0,506.0,0.1909,30.1
620667,04/05/2018 13:25:00,401211,4,80,W,ML,0.355,0,0,439.0,0.1674,26.8
620921,04/05/2018 13:25:00,401698,4,80,W,ML,0.62,0,0,457.0,0.0742,63.1
622417,04/05/2018 13:25:00,405602,4,80,W,ML,0.385,0,0,481.0,0.1724,29.8
624518,04/05/2018 13:30:00,401211,4,80,W,ML,0.355,0,0,500.0,0.1649,28.5
624772,04/05/2018 13:30:00,401698,4,80,W,ML,0.62,0,0,465.0,0.0737,63.0
626268,04/05/2018 13:30:00,405602,4,80,W,ML,0.385,0,0,474.0,0.191,29.9
628369,04/05/2018 13:35:00,401211,4,80,W,ML,0.355,0,0,487.0,0.1592,29.2
628623,04/05/2018 13:35:00,401698,4,80,W,ML,0.62,0,0,473.0,0.0744,63.0
630119,04/05/2018 13:35:00,405602,4,80,W,ML,0.385,0,0,533.0,0.1805,29.6
632220,04/05/2018 13:40:00,401211,4,80,W,ML,0.355,0,0,440.0,0.1858,27.1
632474,04/05/2018 13:40:00,401698,4,80,W,ML,0.62,0,0,480.0,0.0767,62.9
633970,04/05/2018 13:40:00,405602,4,80,W,ML,0.385,0,0,507.0,0.1885,29.4
636071,04/05/2018 13:45:00,401211,4,80,W,ML,0.355,0,0,491.0,0.1675,27.7
636325,04/05/2018 13:45:00,401698,4,80,W,ML,0.62,0,0,494.0,0.0791,62.9
637821,04/05/2018 13:45:00,405602,4,80,W,ML,0.385,0,0,507.0,0.1993,29.9
639922,04/05/2018 13:50:00,401211,4,80,W,ML,0.355,30,100,572.0,0.2341,23.4
640176,04/05/2018 13:50:00,401698,4,80,W,ML,0.62,20,0,1378.0,0.5101,16.9
641672,04/05/2018 13:50:00,405602,4,80,W,ML,0.385,20,100,531.0,0.2288,26.7
643773,04/05/2018 13:55:00,401211,4,80,W,ML,0.355,60,100,511.0,0.2183,23.7
644027,04/05/2018 13:55:00,401698,4,80,W,ML,0.62,50,0,1481.0,0.4177,16.6
645523,04/05/2018 13:55:00,405602,4,80,W,ML,0.385,50,100,527.0,0.2116,27.6
647624,04/05/2018 14:00:00,401211,4,80,W,ML,0.355,60,100,520.0,0.1898,25.2
647878,04/05/2018 14:00:00,401698,4,80,W,ML,0.62,50,0,1384.0,0.4492,16.0
649374,04/05/2018 14:00:00,405602,4,80,W,ML,0.385,50,100,435.0,0.179,27.8
651475,04/05/2018 14:05:00,401211,4,80,W,ML,0.355,60,100,531.0,0.1761,27.0
651729,04/05/2018 14:05:00,401698,4,80,W,ML,0.62,50,0,1430.0,0.439,16.4
653225,04/05/2018 14:05:00,405602,4,80,W,ML,0.385,50,100,484.0,0.2069,27.0
655326,04/05/2018 14:10:00,401211,4,80,W,ML,0.355,60,100,523.0,0.1862,25.8
655580,04/05/2018 14:10:00,401698,4,80,W,ML,0.62,50,0,1409.0,0.4316,16.3
657076,04/05/2018 14:10:00,405602,4,80,W,ML,0.385,50,100,449.0,0.1626,29.5
659177,04/05/2018 14:15:00,401211,4,80,W,ML,0.355,60,100,488.0,0.192,26.2
659431,04/05/2018 14:15:00,401698,4,80,W,ML,0.62,50,0,1456.0,0.4753,17.2
660927,04/05/2018 14:15:00,405602,4,80,W,ML,0.385,50,100,504.0,0.1905,29.0
663028,04/05/2018 14:20:00,401211,4,80,W,ML,0.355,60,100,587.0,0.222,26.2
663282,04/05/2018 14:20:00,401698,4,80,W,ML,0.62,50,0,1500.0,0.5258,16.1
664778,04/05/2018 14:20:00,405602,4,80,W,ML,0.385,50,100,474.0,0.212,27.6
666879,04/05/2018 14:25:00,401211,4,80,W,ML,0.355,60,100,516.0,0.19399999999999998,24.9
667133,04/05/2018 14:25:00,401698,4,80,W,ML,0.62,50,0,1471.0,0.4122,16.5
668629,04/05/2018 14:25:00,405602,4,80,W,ML,0.385,50,100,562.0,0.2114,28.2
670730,04/05/2018 14:30:00,401211,4,80,W,ML,0.355,60,100,508.0,0.2011,24.6
670984,04/05/2018 14:30:00,401698,4,80,W,ML,0.62,50,0,1470.0,0.4656,15.9
672480,04/05/2018 14:30:00,405602,4,80,W,ML,0.385,50,100,525.0,0.2266,26.9
674581,04/05/2018 14:35:00,401211,4,80,W,ML,0.355,60,100,402.0,0.2205,23.5
674835,04/05/2018 14:35:00,401698,4,80,W,ML,0.62,50,0,1209.0,0.5392,12.3
676331,04/05/2018 14:35:00,405602,4,80,W,ML,0.385,50,100,493.0,0.2111,26.6
678432,04/05/2018 14:40:00,401211,4,80,W,ML,0.355,60,100,413.0,0.2773,18.0
678686,04/05/2018 14:40:00,401698,4,80,W,ML,0.62,50,0,1294.0,0.5928,11.2
680182,04/05/2018 14:40:00,405602,4,80,W,ML,0.385,50,100,400.0,0.2542,23.3
682283,04/05/2018 14:45:00,401211,4,80,W,ML,0.355,60,100,485.0,0.2502,18.9
682537,04/05/2018 14:45:00,401698,4,80,W,ML,0.62,50,0,1414.0,0.4667,11.4
684033,04/05/2018 14:45:00,405602,4,80,W,ML,0.385,50,100,412.0,0.3126,19.8
686134,04/05/2018 14:50:00,401211,4,80,W,ML,0.355,60,100,409.0,0.2269,18.3
686388,04/05/2018 14:50:00,401698,4,80,W,ML,0.62,50,0,1329.0,0.423,11.5
687884,04/05/2018 14:50:00,405602,4,80,W,ML,0.385,50,100,459.0,0.266,21.2
689985,04/05/2018 14:55:00,401211,4,80,W,ML,0.355,60,100,563.0,0.243,19.2
690239,04/05/2018 14:55:00,401698,4,80,W,ML,0.62,50,0,1460.0,0.5388,12.2
691735,04/05/2018 14:55:00,405602,4,80,W,ML,0.385,50,100,514.0,0.2863,21.2
693836,04/05/2018 15:00:00,401211,4,80,W,ML,0.355,60,100,441.0,0.1932,21.8
694090,04/05/2018 15:00:00,401698,4,80,W,ML,0.62,50,0,1410.0,0.4628,13.2
695586,04/05/2018 15:00:00,405602,4,80,W,ML,0.385,50,100,554.0,0.2417,23.0
697687,04/05/2018 15:05:00,401211,4,80,W,ML,0.355,60,100,403.0,0.1446,23.0
697941,04/05/2018 15:05:00,401698,4,80,W,ML,0.62,50,0,1370.0,0.3187,15.1
699437,04/05/2018 15:05:00,405602,4,80,W,ML,0.385,50,100,491.0,0.2323,23.2
701538,04/05/2018 15:10:00,401211,4,80,W,ML,0.355,60,100,473.0,0.2183,22.2
701792,04/05/2018 15:10:00,401698,4,80,W,ML,0.62,50,0,1468.0,0.4303,16.2
703288,04/05/2018 15:10:00,405602,4,80,W,ML,0.385,50,100,470.0,0.2026,25.2
705389,04/05/2018 15:15:00,401211,4,80,W,ML,0.355,60,100,487.0,0.2034,22.4
705643,04/05/2018 15:15:00,401698,4,80,W,ML,0.62,50,0,1462.0,0.4178,15.6
707139,04/05/2018 15:15:00,405602,4,80,W,ML,0.385,50,100,399.0,0.2001,26.7
709240,04/05/2018 15:20:00,401211,4,80,W,ML,0.355,60,100,439.0,0.1777,23.3
709494,04/05/2018 15:20:00,401698,4,80,W,ML,0.62,50,0,1391.0,0.4106,15.2
710990,04/05/2018 15:20:00,405602,4,80,W,ML,0.385,50,100,472.0,0.2055,25.8
713091,04/05/2018 15:25:00,401211,4,80,W,ML,0.355,60,100,504.0,0.2625,20.6
713345,04/05/2018 15:25:00,401698,4,80,W,ML,0.62,50,0,1473.0,0.5199,13.3
714841,04/05/2018 15:25:00,405602,4,80,W,ML,0.385,50,100,365.0,0.1503,27.3
716942,04/05/2018 15:30:00,401211,4,80,W,ML,0.355,60,100,373.0,0.1645,19.9
717196,04/05/2018 15:30:00,401698,4,80,W,ML,0.62,50,0,1289.0,0.3569,13.9
718692,04/05/2018 15:30:00,405602,4,80,W,ML,0.385,50,100,463.0,0.2161,27.4
720793,04/05/2018 15:35:00,401211,4,80,W,ML,0.355,60,100,454.0,0.2014,22.4
721047,04/05/2018 15:35:00,401698,4,80,W,ML,0.62,50,0,1406.0,0.3936,14.2
722543,04/05/2018 15:35:00,405602,4,80,W,ML,0.385,50,100,483.0,0.2558,24.9
724644,04/05/2018 15:40:00,401211,4,80,W,ML,0.355,60,100,486.0,0.22,21.2
724898,04/05/2018 15:40:00,401698,4,80,W,ML,0.62,50,0,1461.0,0.4327,13.8
726394,04/05/2018 15:40:00,405602,4,80,W,ML,0.385,50,100,420.0,0.1994,23.7
728495,04/05/2018 15:45:00,401211,4,80,W,ML,0.355,60,100,499.0,0.2125,21.5
728749,04/05/2018 15:45:00,401698,4,80,W,ML,0.62,50,0,1476.0,0.4457,13.8
730245,04/05/2018 15:45:00,405602,4,80,W,ML,0.385,50,100,452.0,0.1978,27.0
732346,04/05/2018 15:50:00,401211,4,80,W,ML,0.355,60,100,455.0,0.2107,21.5
732600,04/05/2018 15:50:00,401698,4,80,W,ML,0.62,50,0,1407.0,0.4855,13.1
734096,04/05/2018 15:50:00,405602,4,80,W,ML,0.385,50,100,454.0,0.2156,26.7
736197,04/05/2018 15:55:00,401211,4,80,W,ML,0.355,60,100,477.0,0.2118,20.5
736451,04/05/2018 15:55:00,401698,4,80,W,ML,0.62,50,0,1459.0,0.4533,13.7
737947,04/05/2018 15:55:00,405602,4,80,W,ML,0.385,50,100,514.0,0.2205,28.2
740048,04/05/2018 16:00:00,401211,4,80,W,ML,0.355,60,100,546.0,0.2204,23.2
740302,04/05/2018 16:00:00,401698,4,80,W,ML,0.62,50,0,1454.0,0.4627,15.7
741798,04/05/2018 16:00:00,405602,4,80,W,ML,0.385,50,100,481.0,0.1844,29.9
743899,04/05/2018 16:05:00,401211,4,80,W,ML,0.355,60,100,416.0,0.1837,22.6
744153,04/05/2018 16:05:00,401698,4,80,W,ML,0.62,50,0,1380.0,0.4115,15.1
745649,04/05/2018 16:05:00,405602,4,80,W,ML,0.385,50,100,479.0,0.2096,29.0
747750,04/05/2018 16:10:00,401211,4,80,W,ML,0.355,60,100,540.0,0.24,22.2
748004,04/05/2018 16:10:00,401698,4,80,W,ML,0.62,50,0,1489.0,0.4778,14.7
749500,04/05/2018 16:10:00,405602,4,80,W,ML,0.385,50,100,527.0,0.2176,27.8
751601,04/05/2018 16:15:00,401211,4,80,W,ML,0.355,60,100,439.0,0.1584,23.4
751855,04/05/2018 16:15:00,401698,4,80,W,ML,0.62,50,0,1411.0,0.3623,17.1
753351,04/05/2018 16:15:00,405602,4,80,W,ML,0.385,50,100,361.0,0.1754,27.6
755452,04/05/2018 16:20:00,401211,4,80,W,ML,0.355,60,100,484.0,0.1856,23.3
755706,04/05/2018 16:20:00,401698,4,80,W,ML,0.62,50,0,1467.0,0.4151,17.0
757202,04/05/2018 16:20:00,405602,4,80,W,ML,0.385,50,100,467.0,0.1936,27.9
759303,04/05/2018 16:25:00,401211,4,80,W,ML,0.355,60,100,465.0,0.2269,22.2
759557,04/05/2018 16:25:00,401698,4,80,W,ML,0.62,50,0,1445.0,0.4233,15.0
761053,04/05/2018 16:25:00,405602,4,80,W,ML,0.385,50,100,532.0,0.1901,30.0
763154,04/05/2018 16:30:00,401211,4,80,W,ML,0.355,60,100,477.0,0.1817,22.1
763408,04/05/2018 16:30:00,401698,4,80,W,ML,0.62,50,0,1469.0,0.3341,17.0
764904,04/05/2018 16:30:00,405602,4,80,W,ML,0.385,50,100,396.0,0.1873,28.2
767005,04/05/2018 16:35:00,401211,4,80,W,ML,0.355,60,100,432.0,0.1571,25.5
767259,04/05/2018 16:35:00,401698,4,80,W,ML,0.62,50,0,1391.0,0.3074,19.0
768755,04/05/2018 16:35:00,405602,4,80,W,ML,0.385,50,100,475.0,0.1983,27.4
770856,04/05/2018 16:40:00,401211,4,80,W,ML,0.355,60,100,485.0,0.1952,25.2
771110,04/05/2018 16:40:00,401698,4,80,W,ML,0.62,50,0,1458.0,0.3785,20.4
772606,04/05/2018 16:40:00,405602,4,80,W,ML,0.385,50,100,518.0,0.1803,30.3
774707,04/05/2018 16:45:00,401211,4,80,W,ML,0.355,59,100,391.0,0.2074,22.4
774961,04/05/2018 16:45:00,401698,4,80,W,ML,0.62,50,0,1310.0,0.3988,16.0
776457,04/05/2018 16:45:00,405602,4,80,W,ML,0.385,50,100,438.0,0.2075,28.2
778558,04/05/2018 16:50:00,401211,4,80,W,ML,0.355,60,100,531.0,0.2169,23.5
778812,04/05/2018 16:50:00,401698,4,80,W,ML,0.62,50,0,1468.0,0.3847,19.0
780308,04/05/2018 16:50:00,405602,4,80,W,ML,0.385,50,100,470.0,0.2072,27.4
782409,04/05/2018 16:55:00,401211,4,80,W,ML,0.355,60,100,566.0,0.1933,25.5
782663,04/05/2018 16:55:00,401698,4,80,W,ML,0.62,50,0,1479.0,0.3665,20.6
784159,04/05/2018 16:55:00,405602,4,80,W,ML,0.385,50,100,447.0,0.171,28.3
786260,04/05/2018 17:00:00,401211,4,80,W,ML,0.355,60,100,531.0,0.1482,27.9
786514,04/05/2018 17:00:00,401698,4,80,W,ML,0.62,50,0,1456.0,0.3626,21.1
788010,04/05/2018 17:00:00,405602,4,80,W,ML,0.385,50,100,441.0,0.1057,37.1
790111,04/05/2018 17:05:00,401211,4,80,W,ML,0.355,60,100,472.0,0.1142,32.2
790365,04/05/2018 17:05:00,401698,4,80,W,ML,0.62,50,0,1469.0,0.2921,26.4
791861,04/05/2018 17:05:00,405602,4,80,W,ML,0.385,50,100,395.0,0.0656,50.4
793962,04/05/2018 17:10:00,401211,4,80,W,ML,0.355,60,100,428.0,0.1731,29.7
794216,04/05/2018 17:10:00,401698,4,80,W,ML,0.62,50,0,1385.0,0.4401,22.6
795712,04/05/2018 17:10:00,405602,4,80,W,ML,0.385,50,100,441.0,0.07400000000000001,57.0
797813,04/05/2018 17:15:00,401211,4,80,W,ML,0.355,60,100,456.0,0.1256,31.7
798067,04/05/2018 17:15:00,401698,4,80,W,ML,0.62,50,0,1460.0,0.3159,21.7
799563,04/05/2018 17:15:00,405602,4,80,W,ML,0.385,50,100,450.0,0.1072,52.8
801664,04/05/2018 17:20:00,401211,4,80,W,ML,0.355,60,100,466.0,0.1597,30.5
801918,04/05/2018 17:20:00,401698,4,80,W,ML,0.62,50,0,1463.0,0.4411,20.1
803414,04/05/2018 17:20:00,405602,4,80,W,ML,0.385,50,100,416.0,0.1307,45.8
805515,04/05/2018 17:25:00,401211,4,80,W,ML,0.355,60,100,515.0,0.155,30.8
805769,04/05/2018 17:25:00,401698,4,80,W,ML,0.62,50,0,1494.0,0.4103,20.2
807265,04/05/2018 17:25:00,405602,4,80,W,ML,0.385,50,100,460.0,0.138,44.2
809366,04/05/2018 17:30:00,401211,4,80,W,ML,0.355,60,100,462.0,0.1307,31.5
809620,04/05/2018 17:30:00,401698,4,80,W,ML,0.62,50,0,1462.0,0.3184,23.3
811116,04/05/2018 17:30:00,405602,4,80,W,ML,0.385,50,100,458.0,0.1265,42.4
813217,04/05/2018 17:35:00,401211,4,80,W,ML,0.355,60,100,484.0,0.1399,32.4
813471,04/05/2018 17:35:00,401698,4,80,W,ML,0.62,50,0,1465.0,0.395,21.4
814967,04/05/2018 17:35:00,405602,4,80,W,ML,0.385,50,100,363.0,0.0601,52.6
817068,04/05/2018 17:40:00,401211,4,80,W,ML,0.355,60,100,353.0,0.0876,34.9
817322,04/05/2018 17:40:00,401698,4,80,W,ML,0.62,50,0,1248.0,0.2296,24.7
818818,04/05/2018 17:40:00,405602,4,80,W,ML,0.385,50,100,226.0,0.0325,63.1
820919,04/05/2018 17:45:00,401211,4,80,W,ML,0.355,60,100,326.0,0.0497,43.5
821173,04/05/2018 17:45:00,401698,4,80,W,ML,0.62,50,0,1073.0,0.1327,34.8
822669,04/05/2018 17:45:00,405602,4,80,W,ML,0.385,50,100,406.0,0.0691,64.0
824770,04/05/2018 17:50:00,401211,4,80,W,ML,0.355,60,100,448.0,0.0676,48.2
825024,04/05/2018 17:50:00,401698,4,80,W,ML,0.62,50,0,1359.0,0.1724,38.8
826520,04/05/2018 17:50:00,405602,4,80,W,ML,0.385,50,100,354.0,0.0561,66.2
828621,04/05/2018 17:55:00,401211,4,80,W,ML,0.355,60,100,333.0,0.0429,55.0
828875,04/05/2018 17:55:00,401698,4,80,W,ML,0.62,50,0,1140.0,0.1194,47.7
830371,04/05/2018 17:55:00,405602,4,80,W,ML,0.385,50,100,304.0,0.0467,67.8
832472,04/05/2018 18:00:00,401211,4,80,W,ML,0.355,60,100,419.0,0.0551,59.8
832726,04/05/2018 18:00:00,401698,4,80,W,ML,0.62,50,0,1332.0,0.1422,52.1
834222,04/05/2018 18:00:00,405602,4,80,W,ML,0.385,50,100,289.0,0.0427,69.2
836323,04/05/2018 18:05:00,401211,4,80,W,ML,0.355,60,100,326.0,0.0436,61.0
836577,04/05/2018 18:05:00,401698,4,80,W,ML,0.62,50,0,1110.0,0.1199,52.5
838073,04/05/2018 18:05:00,405602,4,80,W,ML,0.385,50,100,426.0,0.0674,67.9
840174,04/05/2018 18:10:00,401211,4,80,W,ML,0.355,60,100,409.0,0.0541,63.2
840428,04/05/2018 18:10:00,401698,4,80,W,ML,0.62,50,0,1249.0,0.14300000000000002,56.6
841924,04/05/2018 18:10:00,405602,4,80,W,ML,0.385,50,100,453.0,0.0704,68.0
844025,04/05/2018 18:15:00,401211,4,80,W,ML,0.355,60,100,192.0,0.0219,66.8
844279,04/05/2018 18:15:00,401698,4,80,W,ML,0.62,50,0,604.0,0.0653,58.1
845775,04/05/2018 18:15:00,405602,4,80,W,ML,0.385,50,100,303.0,0.0436,70.4
847876,04/05/2018 18:20:00,401211,4,80,W,ML,0.355,60,100,440.0,0.054000000000000006,67.7
848130,04/05/2018 18:20:00,401698,4,80,W,ML,0.62,50,0,1275.0,0.1504,60.0
849626,04/05/2018 18:20:00,405602,4,80,W,ML,0.385,50,100,443.0,0.0673,69.8
851727,04/05/2018 18:25:00,401211,4,80,W,ML,0.355,60,100,394.0,0.0484,68.7
851981,04/05/2018 18:25:00,401698,4,80,W,ML,0.62,50,0,1199.0,0.1385,60.9
853477,04/05/2018 18:25:00,405602,4,80,W,ML,0.385,50,100,346.0,0.0547,69.0
855578,04/05/2018 18:30:00,401211,4,80,W,ML,0.355,60,100,369.0,0.0441,69.0
855832,04/05/2018 18:30:00,401698,4,80,W,ML,0.62,50,0,1090.0,0.1257,61.0
857328,04/05/2018 18:30:00,405602,4,80,W,ML,0.385,50,100,303.0,0.0449,70.2
859429,04/05/2018 18:35:00,401211,4,80,W,ML,0.355,60,100,429.0,0.0568,66.4
859683,04/05/2018 18:35:00,401698,4,80,W,ML,0.62,50,0,1305.0,0.1541,58.6
861179,04/05/2018 18:35:00,405602,4,80,W,ML,0.385,50,100,233.0,0.0354,70.0
863280,04/05/2018 18:40:00,401211,4,80,W,ML,0.355,60,100,425.0,0.0558,65.4
863534,04/05/2018 18:40:00,401698,4,80,W,ML,0.62,50,0,1322.0,0.1578,58.6
865030,04/05/2018 18:40:00,405602,4,80,W,ML,0.385,50,100,333.0,0.0556,67.2
867131,04/05/2018 18:45:00,401211,4,80,W,ML,0.355,60,100,323.0,0.0394,67.6
867385,04/05/2018 18:45:00,401698,4,80,W,ML,0.62,50,0,1076.0,0.1068,60.0
868881,04/05/2018 18:45:00,405602,4,80,W,ML,0.385,50,100,351.0,0.0527,69.1
870982,04/05/2018 18:50:00,401211,4,80,W,ML,0.355,60,100,372.0,0.0439,69.6
871236,04/05/2018 18:50:00,401698,4,80,W,ML,0.62,50,0,1233.0,0.1142,61.4
872732,04/05/2018 18:50:00,405602,4,80,W,ML,0.385,50,100,351.0,0.0514,70.7
874833,04/05/2018 18:55:00,401211,4,80,W,ML,0.355,60,100,421.0,0.0547,67.5
875087,04/05/2018 18:55:00,401698,4,80,W,ML,0.62,50,0,1186.0,0.1492,60.7
876583,04/05/2018 18:55:00,405602,4,80,W,ML,0.385,50,100,452.0,0.0725,68.3
878684,04/05/2018 19:00:00,401211,4,80,W,ML,0.355,60,100,430.0,0.0546,65.9
878938,04/05/2018 19:00:00,401698,4,80,W,ML,0.62,50,0,1331.0,0.1378,57.7
880434,04/05/2018 19:00:00,405602,4,80,W,ML,0.385,50,100,336.0,0.0561,66.1
882535,04/05/2018 19:05:00,401211,4,80,W,ML,0.355,60,100,418.0,0.0551,64.2
882789,04/05/2018 19:05:00,401698,4,80,W,ML,0.62,50,0,1222.0,0.1436,56.8
884285,04/05/2018 19:05:00,405602,4,80,W,ML,0.385,50,100,265.0,0.0422,66.3
886386,04/05/2018 19:10:00,401211,4,80,W,ML,0.355,60,100,456.0,0.054000000000000006,66.1
886640,04/05/2018 19:10:00,401698,4,80,W,ML,0.62,50,0,1242.0,0.1404,58.7
888136,04/05/2018 19:10:00,405602,4,80,W,ML,0.385,50,100,380.0,0.055999999999999994,68.5
890237,04/05/2018 19:15:00,401211,4,80,W,ML,0.355,60,100,380.0,0.0469,65.9
890491,04/05/2018 19:15:00,401698,4,80,W,ML,0.62,50,0,1265.0,0.1221,56.8
891987,04/05/2018 19:15:00,405602,4,80,W,ML,0.385,50,100,297.0,0.0444,69.2
894088,04/05/2018 19:20:00,401211,4,80,W,ML,0.355,60,100,488.0,0.0615,65.1
894342,04/05/2018 19:20:00,401698,4,80,W,ML,0.62,50,0,1287.0,0.1628,57.0
895838,04/05/2018 19:20:00,405602,4,80,W,ML,0.385,50,100,383.0,0.0617,67.9
897939,04/05/2018 19:25:00,401211,4,80,W,ML,0.355,60,100,368.0,0.0461,65.0
898193,04/05/2018 19:25:00,401698,4,80,W,ML,0.62,50,0,1226.0,0.1263,57.4
899689,04/05/2018 19:25:00,405602,4,80,W,ML,0.385,50,100,283.0,0.0452,66.9
901790,04/05/2018 19:30:00,401211,4,80,W,ML,0.355,60,100,312.0,0.0387,65.1
902044,04/05/2018 19:30:00,401698,4,80,W,ML,0.62,50,0,949.0,0.1002,57.4
903540,04/05/2018 19:30:00,405602,4,80,W,ML,0.385,50,100,415.0,0.0631,67.7
905641,04/05/2018 19:35:00,401211,4,80,W,ML,0.355,60,100,219.0,0.0276,65.6
905895,04/05/2018 19:35:00,401698,4,80,W,ML,0.62,50,0,665.0,0.0752,56.4
907391,04/05/2018 19:35:00,405602,4,80,W,ML,0.385,50,100,203.0,0.0314,67.9
909492,04/05/2018 19:40:00,401211,4,80,W,ML,0.355,60,100,358.0,0.0442,66.0
909746,04/05/2018 19:40:00,401698,4,80,W,ML,0.62,50,0,1166.0,0.11199999999999999,56.9
911242,04/05/2018 19:40:00,405602,4,80,W,ML,0.385,50,100,348.0,0.0557,66.8
913343,04/05/2018 19:45:00,401211,4,80,W,ML,0.355,60,100,310.0,0.0401,64.3
913597,04/05/2018 19:45:00,401698,4,80,W,ML,0.62,50,0,973.0,0.1064,56.3
915093,04/05/2018 19:45:00,405602,4,80,W,ML,0.385,50,100,304.0,0.0482,66.5
917194,04/05/2018 19:50:00,401211,4,80,W,ML,0.355,60,100,346.0,0.05,61.1
917448,04/05/2018 19:50:00,401698,4,80,W,ML,0.62,50,0,1130.0,0.1331,52.5
918944,04/05/2018 19:50:00,405602,4,80,W,ML,0.385,50,100,337.0,0.059000000000000004,63.0
921045,04/05/2018 19:55:00,401211,4,80,W,ML,0.355,60,100,455.0,0.0631,59.7
921299,04/05/2018 19:55:00,401698,4,80,W,ML,0.62,50,0,1315.0,0.1628,51.8
922795,04/05/2018 19:55:00,405602,4,80,W,ML,0.385,50,100,414.0,0.0749,61.0
924896,04/05/2018 20:00:00,401211,4,80,W,ML,0.355,60,100,429.0,0.0575,60.4
925150,04/05/2018 20:00:00,401698,4,80,W,ML,0.62,50,0,1273.0,0.1474,52.0
926646,04/05/2018 20:00:00,405602,4,80,W,ML,0.385,50,100,333.0,0.0583,60.3
928747,04/05/2018 20:05:00,401211,4,80,W,ML,0.355,60,100,314.0,0.0411,61.2
929001,04/05/2018 20:05:00,401698,4,80,W,ML,0.62,50,0,898.0,0.1161,52.1
930497,04/05/2018 20:05:00,405602,4,80,W,ML,0.385,50,100,383.0,0.0665,60.4
932598,04/05/2018 20:10:00,401211,4,80,W,ML,0.355,60,100,430.0,0.0562,61.6
932852,04/05/2018 20:10:00,401698,4,80,W,ML,0.62,50,0,1241.0,0.1475,53.6
934348,04/05/2018 20:10:00,405602,4,80,W,ML,0.385,50,100,385.0,0.0632,62.1
936449,04/05/2018 20:15:00,401211,4,80,W,ML,0.355,60,100,258.0,0.0352,61.3
936703,04/05/2018 20:15:00,401698,4,80,W,ML,0.62,50,0,816.0,0.1054,51.4
938199,04/05/2018 20:15:00,405602,4,80,W,ML,0.385,50,100,344.0,0.0614,60.6
940300,04/05/2018 20:20:00,401211,4,80,W,ML,0.355,60,100,451.0,0.0616,60.5
940554,04/05/2018 20:20:00,401698,4,80,W,ML,0.62,50,0,1360.0,0.1529,51.2
942050,04/05/2018 20:20:00,405602,4,80,W,ML,0.385,50,100,280.0,0.0507,59.9
944151,04/05/2018 20:25:00,401211,4,80,W,ML,0.355,60,100,289.0,0.0392,60.6
944405,04/05/2018 20:25:00,401698,4,80,W,ML,0.62,50,0,1000.0,0.1082,51.7
945901,04/05/2018 20:25:00,405602,4,80,W,ML,0.385,50,100,306.0,0.0552,60.3
948002,04/05/2018 20:30:00,401211,4,80,W,ML,0.355,60,100,383.0,0.0534,59.6
948256,04/05/2018 20:30:00,401698,4,80,W,ML,0.62,50,0,1168.0,0.1425,51.1
949752,04/05/2018 20:30:00,405602,4,80,W,ML,0.385,50,100,345.0,0.0662,57.9
951853,04/05/2018 20:35:00,401211,4,80,W,ML,0.355,60,100,413.0,0.0573,59.0
952107,04/05/2018 20:35:00,401698,4,80,W,ML,0.62,50,0,1186.0,0.1578,50.8
953603,04/05/2018 20:35:00,405602,4,80,W,ML,0.385,50,100,324.0,0.0552,59.6
955704,04/05/2018 20:40:00,401211,4,80,W,ML,0.355,60,100,379.0,0.0495,60.7
955958,04/05/2018 20:40:00,401698,4,80,W,ML,0.62,50,0,1074.0,0.1287,53.2
957454,04/05/2018 20:40:00,405602,4,80,W,ML,0.385,50,100,374.0,0.0656,60.1
959555,04/05/2018 20:45:00,401211,4,80,W,ML,0.355,60,100,224.0,0.0272,64.2
959809,04/05/2018 20:45:00,401698,4,80,W,ML,0.62,50,0,692.0,0.081,55.2
961305,04/05/2018 20:45:00,405602,4,80,W,ML,0.385,50,100,243.0,0.0393,62.9
963406,04/05/2018 20:50:00,401211,4,80,W,ML,0.355,60,100,301.0,0.0386,64.2
963660,04/05/2018 20:50:00,401698,4,80,W,ML,0.62,50,0,900.0,0.1008,56.2
965156,04/05/2018 20:50:00,405602,4,80,W,ML,0.385,50,100,362.0,0.0604,63.4
967257,04/05/2018 20:55:00,401211,4,80,W,ML,0.355,60,100,378.0,0.0483,64.1
967511,04/05/2018 20:55:00,401698,4,80,W,ML,0.62,50,0,1198.0,0.1313,55.9
969007,04/05/2018 20:55:00,405602,4,80,W,ML,0.385,50,100,284.0,0.049,62.9
971108,04/05/2018 21:00:00,401211,4,80,W,ML,0.355,60,100,250.0,0.03,65.3
971362,04/05/2018 21:00:00,401698,4,80,W,ML,0.62,50,0,771.0,0.0934,55.3
972858,04/05/2018 21:00:00,405602,4,80,W,ML,0.385,50,100,257.0,0.0379,67.0
974959,04/05/2018 21:05:00,401211,4,80,W,ML,0.355,60,100,381.0,0.0472,65.2
975213,04/05/2018 21:05:00,401698,4,80,W,ML,0.62,50,0,1163.0,0.127,56.5
976709,04/05/2018 21:05:00,405602,4,80,W,ML,0.385,50,100,324.0,0.0521,66.5
978810,04/05/2018 21:10:00,401211,4,80,W,ML,0.355,60,100,304.0,0.0384,64.0
979064,04/05/2018 21:10:00,401698,4,80,W,ML,0.62,50,0,950.0,0.1145,56.4
980560,04/05/2018 21:10:00,405602,4,80,W,ML,0.385,50,100,301.0,0.0516,64.5
982661,04/05/2018 21:15:00,401211,4,80,W,ML,0.355,60,100,385.0,0.0482,63.9
982915,04/05/2018 21:15:00,401698,4,80,W,ML,0.62,50,0,1192.0,0.1321,54.2
984411,04/05/2018 21:15:00,405602,4,80,W,ML,0.385,50,100,283.0,0.0483,63.7
986512,04/05/2018 21:20:00,401211,4,80,W,ML,0.355,60,100,377.0,0.0489,62.9
986766,04/05/2018 21:20:00,401698,4,80,W,ML,0.62,50,0,1205.0,0.1296,53.0
988262,04/05/2018 21:20:00,405602,4,80,W,ML,0.385,50,100,373.0,0.0626,63.0
990363,04/05/2018 21:25:00,401211,4,80,W,ML,0.355,60,100,338.0,0.0439,62.8
990617,04/05/2018 21:25:00,401698,4,80,W,ML,0.62,50,0,1036.0,0.1158,54.0
992113,04/05/2018 21:25:00,405602,4,80,W,ML,0.385,50,100,337.0,0.0594,62.4
994214,04/05/2018 21:30:00,401211,4,80,W,ML,0.355,60,100,360.0,0.0453,63.0
994468,04/05/2018 21:30:00,401698,4,80,W,ML,0.62,50,0,1155.0,0.1232,54.6
995964,04/05/2018 21:30:00,405602,4,80,W,ML,0.385,50,100,333.0,0.0553,63.1
998065,04/05/2018 21:35:00,401211,4,80,W,ML,0.355,60,100,324.0,0.0422,62.9
998319,04/05/2018 21:35:00,401698,4,80,W,ML,0.62,50,0,1013.0,0.1113,53.9
999815,04/05/2018 21:35:00,405602,4,80,W,ML,0.385,50,100,238.0,0.0414,63.0
1001916,04/05/2018 21:40:00,401211,4,80,W,ML,0.355,60,100,309.0,0.0423,60.6
1002170,04/05/2018 21:40:00,401698,4,80,W,ML,0.62,50,0,1017.0,0.1195,51.6
1003666,04/05/2018 21:40:00,405602,4,80,W,ML,0.385,50,100,188.0,0.032,64.2
1005767,04/05/2018 21:45:00,401211,4,80,W,ML,0.355,60,100,326.0,0.0432,60.6
1006021,04/05/2018 21:45:00,401698,4,80,W,ML,0.62,50,0,965.0,0.1325,52.1
1007517,04/05/2018 21:45:00,405602,4,80,W,ML,0.385,50,100,273.0,0.0471,63.5
1009618,04/05/2018 21:50:00,401211,4,80,W,ML,0.355,60,100,287.0,0.0361,62.7
1009872,04/05/2018 21:50:00,401698,4,80,W,ML,0.62,50,0,1028.0,0.0962,52.5
1011368,04/05/2018 21:50:00,405602,4,80,W,ML,0.385,50,100,272.0,0.046,64.2
1013469,04/05/2018 21:55:00,401211,4,80,W,ML,0.355,60,100,295.0,0.0358,64.4
1013723,04/05/2018 21:55:00,401698,4,80,W,ML,0.62,50,0,929.0,0.1014,55.3
1015219,04/05/2018 21:55:00,405602,4,80,W,ML,0.385,50,100,270.0,0.0421,66.1
1017320,04/05/2018 22:00:00,401211,4,80,W,ML,0.355,60,100,299.0,0.0373,64.9
1017574,04/05/2018 22:00:00,401698,4,80,W,ML,0.62,50,0,944.0,0.1013,55.8
1019070,04/05/2018 22:00:00,405602,4,80,W,ML,0.385,50,100,301.0,0.0475,66.3
1021171,04/05/2018 22:05:00,401211,4,80,W,ML,0.355,60,100,255.0,0.0322,64.4
1021425,04/05/2018 22:05:00,401698,4,80,W,ML,0.62,50,0,813.0,0.0933,55.2
1022921,04/05/2018 22:05:00,405602,4,80,W,ML,0.385,50,100,264.0,0.0455,64.7
1025022,04/05/2018 22:10:00,401211,4,80,W,ML,0.355,60,100,311.0,0.0383,64.5
1025276,04/05/2018 22:10:00,401698,4,80,W,ML,0.62,50,0,957.0,0.1152,54.6
1026772,04/05/2018 22:10:00,405602,4,80,W,ML,0.385,50,100,272.0,0.0418,66.3
1028873,04/05/2018 22:15:00,401211,4,80,W,ML,0.355,60,100,247.0,0.0295,65.9
1029127,04/05/2018 22:15:00,401698,4,80,W,ML,0.62,50,0,807.0,0.0802,57.4
1030623,04/05/2018 22:15:00,405602,4,80,W,ML,0.385,50,100,236.0,0.0361,67.0
1032724,04/05/2018 22:20:00,401211,4,80,W,ML,0.355,60,100,278.0,0.0348,65.1
1032978,04/05/2018 22:20:00,401698,4,80,W,ML,0.62,50,0,870.0,0.0969,56.6
1034474,04/05/2018 22:20:00,405602,4,80,W,ML,0.385,50,100,303.0,0.0485,66.3
1036575,04/05/2018 22:25:00,401211,4,80,W,ML,0.355,60,100,283.0,0.0345,65.7
1036829,04/05/2018 22:25:00,401698,4,80,W,ML,0.62,50,0,924.0,0.0925,56.7
1038325,04/05/2018 22:25:00,405602,4,80,W,ML,0.385,50,100,248.0,0.0378,68.2
1040426,04/05/2018 22:30:00,401211,4,80,W,ML,0.355,60,100,243.0,0.0329,63.8
1040680,04/05/2018 22:30:00,401698,4,80,W,ML,0.62,50,0,713.0,0.0935,54.0
1042176,04/05/2018 22:30:00,405602,4,80,W,ML,0.385,50,100,278.0,0.0462,65.8
1044277,04/05/2018 22:35:00,401211,4,80,W,ML,0.355,60,100,253.0,0.0304,65.1
1044531,04/05/2018 22:35:00,401698,4,80,W,ML,0.62,50,0,814.0,0.0822,55.3
1046027,04/05/2018 22:35:00,405602,4,80,W,ML,0.385,50,100,245.0,0.0359,68.3
1048128,04/05/2018 22:40:00,401211,4,80,W,ML,0.355,60,100,239.0,0.0318,63.4
1048382,04/05/2018 22:40:00,401698,4,80,W,ML,0.62,50,0,801.0,0.0882,53.9
1049878,04/05/2018 22:40:00,405602,4,80,W,ML,0.385,50,100,239.0,0.04,66.6
1051979,04/05/2018 22:45:00,401211,4,80,W,ML,0.355,60,100,280.0,0.0356,63.8
1052233,04/05/2018 22:45:00,401698,4,80,W,ML,0.62,50,0,908.0,0.0957,53.3
1053729,04/05/2018 22:45:00,405602,4,80,W,ML,0.385,50,100,241.0,0.0399,65.6
1055830,04/05/2018 22:50:00,401211,4,80,W,ML,0.355,60,100,256.0,0.0312,64.8
1056084,04/05/2018 22:50:00,401698,4,80,W,ML,0.62,50,0,853.0,0.0891,56.1
1057580,04/05/2018 22:50:00,405602,4,80,W,ML,0.385,50,100,247.0,0.0363,68.3
1059681,04/05/2018 22:55:00,401211,4,80,W,ML,0.355,60,100,209.0,0.0272,64.2
1059935,04/05/2018 22:55:00,401698,4,80,W,ML,0.62,50,0,653.0,0.0806,53.6
1061431,04/05/2018 22:55:00,405602,4,80,W,ML,0.385,50,100,183.0,0.0308,66.9
1063532,04/05/2018 23:00:00,401211,4,80,W,ML,0.355,60,100,224.0,0.0279,64.1
1063786,04/05/2018 23:00:00,401698,4,80,W,ML,0.62,50,0,673.0,0.0888,54.0
1065282,04/05/2018 23:00:00,405602,4,80,W,ML,0.385,50,100,216.0,0.0321,68.2
1067383,04/05/2018 23:05:00,401211,4,80,W,ML,0.355,60,100,190.0,0.0231,65.4
1067637,04/05/2018 23:05:00,401698,4,80,W,ML,0.62,50,0,598.0,0.0673,56.6
1069133,04/05/2018 23:05:00,405602,4,80,W,ML,0.385,50,100,204.0,0.0329,67.3
1071234,04/05/2018 23:10:00,401211,4,80,W,ML,0.355,60,100,173.0,0.0228,65.0
1071488,04/05/2018 23:10:00,401698,4,80,W,ML,0.62,50,0,603.0,0.0699,55.4
1072984,04/05/2018 23:10:00,405602,4,80,W,ML,0.385,50,100,180.0,0.0266,69.9
1075085,04/05/2018 23:15:00,401211,4,80,W,ML,0.355,60,100,175.0,0.0217,65.7
1075339,04/05/2018 23:15:00,401698,4,80,W,ML,0.62,50,0,576.0,0.0684,56.0
1076835,04/05/2018 23:15:00,405602,4,80,W,ML,0.385,50,100,183.0,0.0279,71.1
1078936,04/05/2018 23:20:00,401211,4,80,W,ML,0.355,60,100,163.0,0.0199,66.7
1079190,04/05/2018 23:20:00,401698,4,80,W,ML,0.62,50,0,578.0,0.061,57.7
1080686,04/05/2018 23:20:00,405602,4,80,W,ML,0.385,50,100,174.0,0.0266,69.9
1082787,04/05/2018 23:25:00,401211,4,80,W,ML,0.355,60,100,176.0,0.021,66.4
1083041,04/05/2018 23:25:00,401698,4,80,W,ML,0.62,50,0,589.0,0.0677,57.8
1084537,04/05/2018 23:25:00,405602,4,80,W,ML,0.385,50,100,174.0,0.0264,69.7
1086638,04/05/2018 23:30:00,401211,4,80,W,ML,0.355,60,100,166.0,0.0202,66.8
1086892,04/05/2018 23:30:00,401698,4,80,W,ML,0.62,50,0,574.0,0.0619,57.3
1088388,04/05/2018 23:30:00,405602,4,80,W,ML,0.385,50,100,167.0,0.0249,70.1
1090489,04/05/2018 23:35:00,401211,4,80,W,ML,0.355,60,100,166.0,0.0196,67.3
1090743,04/05/2018 23:35:00,401698,4,80,W,ML,0.62,50,0,587.0,0.062,57.0
1092239,04/05/2018 23:35:00,405602,4,80,W,ML,0.385,50,100,165.0,0.024,70.8
1094340,04/05/2018 23:40:00,401211,4,80,W,ML,0.355,60,100,147.0,0.0179,67.3
1094594,04/05/2018 23:40:00,401698,4,80,W,ML,0.62,50,0,488.0,0.0565,57.1
1096090,04/05/2018 23:40:00,405602,4,80,W,ML,0.385,49,100,162.0,0.0238,72.2
1098191,04/05/2018 23:45:00,401211,4,80,W,ML,0.355,60,100,172.0,0.0205,67.9
1098445,04/05/2018 23:45:00,401698,4,80,W,ML,0.62,50,0,604.0,0.063,56.5
1099941,04/05/2018 23:45:00,405602,4,80,W,ML,0.385,49,100,164.0,0.0236,73.2
1102042,04/05/2018 23:50:00,401211,4,80,W,ML,0.355,59,100,129.0,0.0152,68.2
1102296,04/05/2018 23:50:00,401698,4,80,W,ML,0.62,50,0,424.0,0.0466,57.5
1103792,04/05/2018 23:50:00,405602,4,80,W,ML,0.385,50,100,143.0,0.0218,71.7
1105893,04/05/2018 23:55:00,401211,4,80,W,ML,0.355,60,100,118.0,0.013999999999999999,68.8
1106147,04/05/2018 23:55:00,401698,4,80,W,ML,0.62,50,0,447.0,0.0453,58.4
1107643,04/05/2018 23:55:00,405602,4,80,W,ML,0.385,50,100,115.0,0.0167,72.7
